PDB ID,Chain,,,CDR1,CDR2,CDR3
8TFN,B,,,AQDMNHEYMS,HYSVGAGITD,CASSQGPFQPQHF
8SHI,"H,J",,,AQDMNHEYMS,HYSVGAGITD,CASSYSEGEDEAFF
8I5D,B,,,EPISGHSAVF,TYFRNQAPIDD,CASSLEGTVEETLYF
8I5C,"E,J,O,T,Y,d,i,n,s,x",,,NQTNNHNNMY,HYSYGAGSTE,CASGDTGGYEQYF
8GVI,B,,,DPISEHNRLY,TYFQNEAQLEK,CASSLRDRVPETQYF
8GVG,B,,,DPISEHNRLY,TYFQNEAQLEK,CASSDRDRVPETQYF
8GVB,B,,,DPISEHNRLY,TYFQNEAQLEK,CASSDRDRVPETQYF
8GOP,B,,,KPISGHNSLF,IYFNNNVPIDD,CASTWGRASTDTQYF
8GON,E,,,KPISGHNSLF,IYFNNNVPIDD,CASTWGRASTDTQYF
8GOM,E,,,KPISGHNSLF,IYFNNNVPIDD,CASTWGRASTDTQYF
8ES9,B,,,RSLDFQATTMF,ATSNEGSKATYE,CSAREWGGTEAFF
8ES8,B,,,VQDMDHENMF,YFSYDVKMKE,CASSFTGPYNSPLHF
8ES7,B,,,VQDMDHENMF,YFSYDVKMKE,CASSFTGPYNSPLHF
8DV4,E,,,AQDMNHEYMY,HYSVGEGTTA,CASSMPGLRSSYEQYF
8DNT,"B,I,P,W",,,DPISGHTALY,IYFQGNSAPDK,CASSLDLGADEQFF
8D5Q,B,,,ILKNSQYPWMS,FTLRSPGDKEV,CTCSAGRGGYAEQFF
8D5P,"B,D",,,ILKNSQYPWMS,FTLRSPGDKEV,CTCSAGRGGYAEQFF
8CX4,F,,,SPRSGDLSVY,IQYYNGEERA,CASSVGTYSTDTQYF
7ZT9,E,,,AQDMNHNYMY,YYSASEGTTD,CASSNREYSPLHF
7ZT8,E,,,AQDMNHNYMY,YYSASEGTTD,CASSNREYSPLHF
7ZT7,E,,,AQDMNHNYMY,YYSASEGTTD,CASSNREYSPLHF
7ZT5,E,,,AQDMNHNYMY,YYSASEGTTD,CASSNREYSPLHF
7ZT4,E,,,AQDMNHNYMY,YYSASEGTTD,CASSNREYSPLHF
7ZT3,E,,,AQDMNHNYMY,YYSASEGTTD,CASSNREYSPLHF
7ZT2,E,,,AQDMNHNYMY,YYSASEGTTD,CASSNREYSPLHF
7Z50,"E,F",,,EPISGHSAVF,TYFRNQAPIDD,CASSRQGQNTLYF
7UFJ,"H,F",,,AQDMNHNSMY,YYSASEGTTD,CASSVWTGEGSGELFF
7T2D,"E,J,O,T",,,DPISGHTALY,IYFQGTGAADD,CASSHREGETQYF
7T2C,E,,,RSLDFQATTMF,ATSNEGSKATYE,CSARDPGGGGSSYEQYF
7T2B,"E,J,O,T",,,AQDMNHEYMY,HYSVGEGTTA,CASSQGGGEQYF
7SU9,E,,,SPKSGHDTVS,FQYYEEEERQ,CASSLGEGRVDGYTF
7SG2,"E,J",,,QVDSQVTMMF,ATANQGSEATYE,CSVALGSDTGELFF
7SG1,"E,J",,,QVDSQVTMMF,ATANQGSEATYE,CSVALGSDTGELFF
7SG0,E,,,DPISGHTALY,IYFQGTGAADD,CASSQGQDTEAFF
7S8J,B,,,SQNMNHEYMS,YYSMNVEVTD,CASRLTGRVHGYTF
7S8I,B,,,SQNMNHEYMS,YYSMNVEVTD,CASRLTGRVHGYTF
7RTR,E,,,DPISEHNRLY,TYFQNEAQLEK,CASSPDIEQYF
7RRG,E,,,NPISGHATLY,IQFQNNGVVDD,CASSLVAETYEQYF
7RM4,"D,I,N,S",,,NPISGHATLY,IQFQNNGVVDD,CASSLDPGDTGELFF
7RK7,E,,,HQTENHRYMY,HYSYGVKDTD,CAISPTEEGGLIFPGNTIYF
7RDV,D,,,NQTNNHNNMY,HYSYGAGSTE,CASGGQSNERLFF
7R80,B,,,AQDMNHEYMS,HYSVGAGITD,CASSYGTGINYGYTF
7R7Z,B,,,AQDMNHEYMS,HYSVGAGITD,CASSYGTGINYGYTF
7QPJ,B,,,AQDMNHNYMY,YYSVGAGITD,CASSFATEAFF
7Q9B,"E,J",,,AQDMNHEYMS,HYSVGAGITD,CASSYSFTEATYEQYF
7Q9A,E,,,TVEGTSNPNLY,FYSVGIGQI,CAWSETGLGTGELFF
7Q99,E,,,TVEGTSNPNLY,FYSVGIGQI,CAWSETGLGTGELFF
7PHR,B,,,EQNLNHDAMY,YYSWAQGDFQ,CASSWGAPYEQYF
7PDX,"D,B",,,AQDMNHEYMY,HYSVGEGTTA,CASSFTDTQYF
7PDW,"B,G",,,AQDMNHEYMY,HYSVGEGTTA,CASSFTDTQYF
7PBE,"E,J",,,DPISEHNRLY,TYFQNEAQLEK,CASSSANSGELFF
7PBC,B,,,AQDMNHDYMY,HYSVGEGTTA,CASSFTDTQYF
7PB2,"E,J",,,AQDMNHEYMY,HYSVGEGTTA,CASSYGPGQHNSPLHF
7OW6,E,,,AQDMNHEYMY,HYSVGEGTTA,CASKVGPGQHNSPLHF
7OW5,E,,,AQDMNHEYMY,HYSVGEGTTA,CASKVGPGQHNSPLHF
7NMG,E,,,DPISEHNRLY,TYFQNEAQLEK,CASSLHHEQYF
7NMF,E,,,DPISEHNRLY,TYFQNEAQLEK,CASSLHHEQYF
7NME,E,,,DPISEHNRLY,TYFQNEAQLEK,CASSLHHEQYF
7NDU,E,,,DPISEHNRLY,TYFQNEAQLEK,CASSLGREYGYTF
7NDT,"E,J",,,DPISGHDNLY,LHFVKESKQDE,CASSQDRDTQYF
7NDQ,E,,,DPISEHNRLY,TYFQNEAQLEK,CASSLGREYGYTF
7NA5,E,,,EQYLGHNAMY,FSYSYQKLMD,CASSQEPGGYAEQFF
7N6E,"H,J",,,EQNLNHDAMY,YYSQIVNDFQ,CAGQVTNTGELFF
7N5P,E,,,GQDMSHETMY,YISYDVDSNS,CASSFGREQYF
7N5C,E,,,GQDMSHETMY,YISYDVDSNS,CASSFGREQYF
7N4K,E,,,GQDMSHETMY,YISYDVDSNS,CASSFGREQYF
7N2S,F,,,SPRSGDLSVY,IQYYNGEERA,CASSVGLYSTDTQYF
7N2R,F,,,SPRSGDLSVY,IQYYNGEERA,CASSVATYSTDTQYF
7N2Q,"F,G",,,SPRSGDLSVY,IQYYNGEERA,CASSVATYSTDTQYF
7N2P,F,,,SPRSGDLSVY,IQYYNGEERA,CASSVATYSTDTQYF
7N2O,F,,,SPRSGDLSVY,IQYYNGEERA,CASSVGLFSTDTQYF
7N2N,F,,,SPRSGDLSVY,IQYYNGEERA,CASSVGLFSTDTQYF
7N1F,E,,,DPISEHNRLY,TYFQNEAQLEK,CASSPDIEQYF
7N1E,E,,,NPISGHATLY,IQFQNNGVVDD,CASSLGGAGGADTQYF
7N1D,B,,,DPISEHNRLY,TYFQNEAQLEK,CASSPDIEQYF
7N1C,E,,,NPISGHATLY,IQFQNNGVVDD,CASSLGGAGGADTQYF
7M72,D,,,NQTNNHNNMY,HYSYGAGSTE,CASGDEGYTQYF
7L1D,E,,,SPRSGDLSVY,IQYYNGEERA,CASSGLAGGPVSGANVLTF
7JWJ,E,,,SQTMNHDTMY,LFYYDKILNR,CASSRGTIHSNTEVFF
7JWI,E,,,SQTMNHDTMY,LFYYDKILNR,CASSRDLGRDTQYF
7FJF,n,,,AQDMNHEYMS,HYSVGAGITD,CASRRRQGASGEQYF
7FJE,n,,,AQDMNHEYMS,HYSVGAGITD,CASRRRQGASGEQYF
7FJD,n,,,AQDMNHEYMS,HYSVGAGITD,CASRRRQGASGEQYF
7F5K,"B,D",,,NQTNNHNNMY,HYSYGAGSTE,CASGDMGAAEVFF
7EA6,"E,B",,,NPISGHATLY,IQFQNNGVVDD,CASSQTYEQYF
7DZN,D,,,KPISGHNSLF,IYFNNNVPIDD,CASSLGIDAIYF
7DZM,D,,,KPISGHNSLF,IYFNNNVPIDD,CASSLGIDAIYF
7BYD,"E,J",,,EQNLGHNAMY,FIYNNKEPIL,CASSQDLGAGEVYEQYF
7AMS,B,,,AQDMNHEYMS,HYSVGAGITD,CASRPGLAGGRPEQYF
7AMR,B,,,AQDMNHEYMS,HYSVGAGITD,CASRPGLAGGRPEQYF
7AMQ,B,,,AQDMNHEYMS,HYSVGAGITD,CASRPGLAGGRPEQYF
7AMP,B,,,AQDMNHEYMS,HYSVGAGITD,CASRPGLAGGRPEQYF
6ZKZ,E,,,SQDMNHEYMS,HYSVGAGITD,CASSYSIRGSRGEQFF
6ZKY,E,,,SQDMNHEYMS,HYSVGAGITD,CASSYSIRGSRGEQFF
6ZKX,E,,,SQDMNHEYMS,HYSVGAGITD,CASSYSIRGSRGEQFF
6ZKW,E,,,SQDMNHEYMS,HYSVGAGITD,CASSYSIRGSRGEQFF
6XQQ,"B,D",,,QVDSQVTMMF,ATANQGSEATYE,CSVGGDSLIGNQPQHF
6XQP,"F,H",,,QVDSQVTMMF,ATANQGSEATYE,CSVGGDSLIGNQPQHF
6XNG,D,,,NQTNNHNNMY,HYSYGAGSTE,CASGDEGYTQYF
6XCP,E,,,SPISGHRSVS,FEYFSETQRN,CASSLERETQYF
6XCO,E,,,SPISGHRSVS,FEYFSETQRN,CASSLERDGYTF
6XC9,"E,J",,,SPISGHRSVS,FEYFSETQRN,CASSLSASGGATDTQYF
6WL4,"C,F,I",,,IPISGHSNVV,IQHYEKVERD,CASSLRWGDEQYF
6WL3,"C,F,I",,,IPISGHSNVV,IQHYEKVERD,CASSLRWGDEQYF
6WL2,"C,F,I",,,IPISGHSNVV,IQHYEKVERD,CASSLRWGDEQYF
6W9V,"E,H",,,AQDMNHNSMY,YYSASEGTTD,CASSVWTGEGSGELFF
6W9U,"E,H",,,AQDMNHNSMY,YYSASEGTTD,CASSVWTGEGSGELFF
6VTH,"B,E",,,AQDMNHNSMY,YYSASEGTTD,CASSEGLWQVGDEQYF
6VTC,B,,,SQNMNHEYMS,YYSMNVEVTD,CASSIQQGADTQYF
6VRN,E,,,HQTENHRYMY,HYSYGVKDTD,CAISELVTGDSPLHF
6VRM,E,,,AQDMNHNSMY,YYSASEGTTD,CASSEGLWQVGDEQYF
6VQO,"E,J",,,SQNMNHEYMS,YYSMNVEVTD,CASSIQQGADTQYF
6VMX,"E,J",,,EQHMGHRAMY,FVYSYEKLSI,CASSQDLFTGGYTF
6VMC,E,,,EQNLNHDAMY,YYSQIVNDFQ,CASSMGGTYEQYF
6VMA,E,,,EQNLNHDAMY,YYSQIVNDFQ,CASSMGGTYEQYF
6VM9,E,,,EQNLNHDAMY,YYSQIVNDFQ,CASSMGGTYEQYF
6VM8,E,,,EQNLNHDAMY,YYSQIVNDFQ,CASSITLSSYNEQFF
6VM7,E,,,EQNLNHDAMY,YYSQIVNDFQ,CASSITLSSYNEQFF
6V80,"D,I",,,SQTMGHDKMY,HYSYGVNSTE,CASTSRRGSYEQYF
6V1A,E,,,KQTLGHDTMY,FSYNNKQLIV,CASSLDWASQNTLYF
6V19,E,,,KQTLGHDTMY,FSYNNKQLIV,CASSLDWASQNTLYF
6V18,E,,,KQTLGHDTMY,FSYNNKQLIV,CASSLDWGGQNTLYF
6V15,E,,,KQTLGHDTMY,FSYNNKQLIV,CASSLDWGVNTLYF
6V13,E,,,KQTLGHDTMY,FSYNNKQLIV,CASSLDWGVNTLYF
6V0Y,E,,,KQTLGHDTMY,FSYNNKQLIV,CASSLDWGGQNTLYF
6UZ1,"J,E",,,AQDMNHEYMA,HYSVGVGITD,CASRPGAAGGRPELYF
6UON,"H,J",,,HQTWSHSYMF,YYSAAADITD,CASSDPGTEAFF
6ULR,E,,,SPKSGHDTVS,FQYYEEEERQ,CASSLGEGRVDGYTF
6ULN,E,,,SPKSGHDTVS,FQYYEEEERQ,CASSLGQTNYGYTF
6UK4,E,,,KPISGHNSLF,IYFNNNVPIDD,CASSRTSPTDTQYF
6UK2,E,,,KPISGHNSLF,IYFNNNVPIDD,CASSRTSPTDTQYF
6U3O,"H,B",,,DPISGHTALY,IYFQGNSAPDK,CASSFRALAADTQYF
6U3N,E,,,SPISGHKSVS,FQYYEKEERG,CASSLEGQGASEQFF
6TRO,E,,,VQDMDHENMF,YFSYDVKMKE,CASSFLMTSGDPYEQYF
6TMO,E,,,TVEGTSNPNLY,FYWGPFGQI,CAWSETGLGMGGWQF
6RSY,"E,J",,,DPISEHNRLY,TYFQNEAQLEK,CASSLGFGRDVMRF
6RPB,"E,J,O,T",,,AQDMNHEYMS,HYSVGAGITD,CASSYLNRDSALDF
6RPA,E,,,QVDSQVTMMF,ATANQGSEATYE,CSVGGSGGADTQYF
6RP9,"E,J,L",,,DPISGHVSLY,TYFNYEAQQDK,CASSSPGGVSTEAFF
6R2L,E,,,NPIFSHPTLY,IQFGGWPGVDD,CASSPLDVSISSYNEQFF
6R0E,E,,,SQTKGHDRMY,YYSFDVKDIN,CATSDESYGYTF
6Q3S,E,,,AQDMNHEYMS,HYSVGAGITD,CASSYVGNTGELFF
6PY2,E,,,NPISGHATLY,IQFQNNGVVDD,CASSSGGWGGGTEAFF
6PX6,E,,,DPISGHTALY,IYFQGTGAADD,CASSHGASTDTQYF
6PVD,"E,H",,,AQDMNHNSMY,YYSASEGTTD,CASSVWTGEGSGELFF
6PVC,"F,H",,,AQDMNHNSMY,YYSASEGTTD,CASSVWTGEGSGELFF
6PUM,"E,H",,,AQDMNHNSMY,YYSASEGTTD,CASSVWTGEGSGELFF
6PUL,"E,G",,,AQDMNHNSMY,YYSASEGTTD,CASSVWTGEGSGELFF
6PUK,"E,G",,,AQDMNHNSMY,YYSASEGTTD,CASSVWTGEGSGELFF
6PUJ,"E,G",,,AQDMNHNSMY,YYSASEGTTD,CASSVWTGEGSGELFF
6PUI,"E,G",,,AQDMNHNSMY,YYSASEGTTD,CASSVWTGEGSGELFF
6PUH,"E,G",,,AQDMNHNSMY,YYSASEGTTD,CASSVWTGEGSGELFF
6PUG,"E,H",,,AQDMNHNSMY,YYSASEGTTD,CASSVWTGEGSGELFF
6PUF,"E,H",,,AQDMNHNSMY,YYSASEGTTD,CASSVWTGEGSGELFF
6PUE,"E,H",,,AQDMNHNSMY,YYSASEGTTD,CASSVWTGEGSGELFF
6PUD,"E,H",,,AQDMNHNSMY,YYSASEGTTD,CASSVWTGEGSGELFF
6PUC,"E,H",,,AQDMNHNSMY,YYSASEGTTD,CASSVWTGEGSGELFF
6P64,"E,J",,,KPISGHNSLF,IYFNNNVPIDD,CASSRTSPTDTQYF
6OVO,B,,,EQHMGHRAMY,FVYSYEKLSI,CASSQPPLGVGTDTQYF
6OVN,B,,,EQHMGHRAMY,FVYSYEKLSI,CASSPLGREGLNTEAFF
6OMG,D,,,NQTNNHNNMY,HYSYGAGSTE,CASGDEGYTQYF
6MTM,E,,,EQNLNHDAMY,YYSQIVNDFQ,CASSMSAMGTEAFF
6MSS,B,,,NQTNNHNNMY,HYSYGAGSTE,CASGDPQGVSYEQYF
6MRA,B,,,NQTNNHNNMY,HYSYGAGSTE,CASGDPQGVSYEQYF
6MNO,B,,,NQTNNHNNMY,HYSYGAGSTE,CASGDFWGDTLYF
6MNN,B,,,NQTNNHNNMY,HYSYGAGSTE,CASGDFWGDTLYF
6MNM,B,,,NQTNNHNNMY,HYSYGAGSTE,CASGDFWGDTLYF
6MNG,B,,,NQTNNHNNMY,HYSYGAGSTE,CASGDFWGDTLYF
6MKR,B,,,NQTNNHNNMY,HYSYGAGSTE,CASGDFWGDTLYF
6MKD,B,,,NQTNNHNNMY,HYSYGAGSTE,CASGDFWGDTLYF
6MJQ,"D,H",,,NQTNNHNNMY,HYSYGAGSTE,CASGDEGYTQYF
6MJJ,D,,,NQTNNHNNMY,HYSYGAGSTE,CASGDEGYTQYF
6MJI,D,,,NQTNNHNNMY,HYSYGAGSTE,CASGDEGYTQYF
6MJA,D,,,NQTNNHNNMY,HYSYGAGSTE,CASGDEGYTQYF
6MJ6,D,,,NQTNNHNNMY,HYSYGAGSTE,CASGDEGYTQYF
6MJ4,D,,,NQTNNHNNMY,HYSYGAGSTE,CASGDEGYTQYF
6MIY,"D,H",,,NQTNNHNNMY,HYSYGAGSTE,CASGDEGYTQYF
6MIV,D,,,NQTNNHNNMY,HYSYGAGSTE,CASGDEGYTQYF
6LIR,"B,D",,,RQNDNHDYMS,YSSYGVKQEN,CASSSYKGNTPLNF
6L9L,"D,H",,,RQTNSHNYMY,HYSYGAGNLQ,CASSDGDYEQYF
6JXR,n,,,AQDMNHEYMS,HYSVGAGITD,CASRRRQGASGEQYF
6G9Q,H,,,HQTNNHDYMY,HYSYVADSTE,CASSDAGGRNTLYF
6FUR,"B,D",,,SQTKGHDRMY,YYSFDVKDIN,CATSDESYGYTF
6FUQ,B,,,SQTKGHDRMY,YYSFDVKDIN,CATSDESYGYTF
6FUP,B,,,SQTKGHDRMY,YYSFDVKDIN,CATSDESYGYTF
6FUO,B,,,SQTKGHDRMY,YYSFDVKDIN,CATSDESYGYTF
6FUN,B,,,SQTKGHDRMY,YYSFDVKDIN,CATSDESYGYTF
6FUM,B,,,SQTKGHDRMY,YYSFDVKDIN,CATSDESYGYTF
6FRC,B,,,SQTKGHDRMY,YYSFDVKDIN,CATSDESYGYTF
6FRB,B,,,SQTKGHDRMY,YYSFDVKDIN,CATSDESYGYTF
6FRA,B,,,SQTKGHDRMY,YYSFDVKDIN,CATSDESYGYTF
6FR9,B,,,SQTKGHDRMY,YYSFDVKDIN,CATSDESYGYTF
6FR8,B,,,VQDMDHENMF,YFSYDVKMKE,CASSSTGLPYGYTF
6FR7,B,,,VQDMDHENMF,YFSYDVKMKE,CASSSTGLPYGYTF
6FR6,B,,,VQDMDHENMF,YFSYDVKMKE,CASSSTGLPYGYTF
6FR5,B,,,SPISGHRSVS,FEYFSETQRN,CASSFDSGNSPLHF
6FR4,B,,,SPISGHRSVS,FEYFSETQRN,CASSFDSGNSPLHF
6FR3,B,,,SPISGHRSVS,FEYFSETQRN,CASSFDSGNSPLHF
6EQB,E,,,TVEGTSNPNLY,FYWGPFGQI,CAWSETGLGMGGWQF
6EQA,E,,,TVEGTSNPNLY,FYSVGIGQI,CAWSETGLGTGELFF
6EH9,B,,,VQDMDHENMF,YFSYDVKMKE,CASSSTGLPYGYTF
6EH8,B,,,VQDMDHENMF,YFSYDVKMKE,CASSSTGLPYGYTF
6EH7,B,,,SQTKGHDRMY,YYSFDVKDIN,CATSDESYGYTF
6EH6,B,,,SQTKGHDRMY,YYSFDVKDIN,CATSDESYGYTF
6EH5,B,,,SPISGHRSVS,FEYFSETQRN,CASSFDSGNSPLHF
6EH4,E,,,SPISGHRSVS,FEYFSETQRN,CASSFDSGNSPLHF
6DKP,E,,,TQDMRHNAMY,HYSNTAGTTG,CASSWSFGTEAFF
6DFX,"H,J",,,SPISGHRSVS,FEYFSETQRN,CASSAGNTIYF
6DFW,"F,H",,,DQTNNHNNMY,HYSYGAGSTE,CASGGLGGDEQYF
6DFV,"B,D",,,DQTNNHNNMY,HYSYGAGSTE,CASGGLGGDEQYF
6DFS,B,,,ILKNSQYPWMS,FTLRSPGDAEV,CTCSAGLGYEQYF
6DFQ,"F,B,D,H",,,ILKNSQYPWMS,FTLRSPGDKEV,CTCSAGLGYEQYF
6D78,E,,,TQDMRHNAMY,HYSNTAGTTG,CASSWSFGTEAFF
6CXF,D,,,NQTNNHNNMY,HYSYGAGSTE,CASGDEGYTQYF
6CXE,D,,,NQTNNHNNMY,HYSYGAGSTE,CASGDEGYTQYF
6CXA,D,,,NQTNNHNNMY,HYSYGAGSTE,CASGDEGYTQYF
6CX9,D,,,NQTNNHNNMY,HYSYGAGSTE,CASGDEGYTQYF
6CX7,D,,,NQTNNHNNMY,HYSYGAGSTE,CASGDEGYTQYF
6CX5,D,,,NQTNNHNNMY,HYSYGAGSTE,CASGDEGYTQYF
6CWE,D,,,NQTNNHNNMY,HYSYGAGSTE,CASGDEGYTQYF
6CWB,D,,,NQTNNHNNMY,HYSYGAGSTE,CASGDEGYTQYF
6CW9,D,,,NQTNNHNNMY,HYSYGAGSTE,CASGDEGYTQYF
6CW6,D,,,NQTNNHNNMY,HYSYGAGSTE,CASGDEGYTQYF
6CUH,B,,,AQDMNHEYMY,HYSVGEGTTA,CASSMPGLRSSYEQYF
6CUG,E,,,AQDMNHEYMY,HYSVGEGTTA,CASSMPGLRSSYEQYF
6CQR,"E,J",,,VPISNHLYFY,VSFYNNEISEK,CASSRLAGGMDEQFF
6CQQ,"E,J",,,VPISNHLYFY,VSFYNNEISEK,CASSRLAGGMDEQFF
6CQN,E,,,VPISNHLYFY,VSFYNNEISEK,CASSGLAGGMDEQFF
6CQL,E,,,VPISNHLYFY,VSFYNNEISEK,CASSRLAGGMDEQFF
6CPH,E,,,VPISNHLYFY,VSFYNNEISEK,CASSRLAGGMDEQFF
6C68,"B,D",,,HQTNNHDYMY,HYSYVADSTE,CASSQTNSDYTF
6C61,B,,,IPEKGHPVVF,INFQNQEVLQQ,CASSPGQGAATGQLYF
6C09,D,,,DPISGHTALY,IYFQGNSAPDK,CASSSYRGPRMNEQFF
6BNL,"D,H",,,NQTNNHNNMY,HYSYGAGSTE,CASGDEGYTQYF
6BNK,"D,H",,,NQTNNHNNMY,HYSYGAGSTE,CASGDEGYTQYF
6BJ8,H,,,AQDMNHNSMY,YYSASEGTTD,CASRTRGGTLIEQYF
6BJ3,H,,,AQDMNHNSMY,YYSASEGTTD,CASRTRGGTLIEQYF
6BJ2,E,,,SSQSGHNTVS,FQYYREEENG,CASSFRGGKTQYF
6BGA,D,,,IPEKGHPVVF,INFQNQEVLQQ,CASSLNWSQDTQYF
6AVG,"D,E",,,SPRSGDLSVY,IQYYNGEERA,CASSGGHTGSNEQFF
6AVF,B,,,VQDMDHENMF,YFSYDVKMKE,CASSQRQEGDTQYF
6AT6,B,,,VQDMDHENMF,YFSYDVKMKE,CASSQRQEGDTQYF
6AMU,E,,,TQDMRHNAMY,HYSNTAGTTG,CASSLSFGTEAFF
6AM5,E,,,TQDMRHNAMY,HYSNTAGTTG,CASSLSFGTEAFF
5YXU,"G,B",,,SQTMGHDKMY,HYSYGVNSTE,CASRRGSAELYF
5YXN,B,,,SQTMGHDKMY,HYSYGVNSTE,CASRRGPYEQYF
5XOV,"J,H",,,TVEGTSNPNLY,FYSVGIGQI,CAWSVSVGAGVPTIYF
5XOT,E,,,AQDMNHNSMY,YYSASEGTTD,CASRTRGGTLIEQYF
5WLG,"E,J",,,HQTNNHDYMY,HYSYVADSTE,CASSDWGDTGQLYF
5WKI,E,,,DPISGHVSLF,TYFQNEAQLDK,CASSLARAQGASNTGELFF
5WKH,"E,J",,,NPISGHATLY,IQFQNNGVVDD,CASSLGQGLLYGYTF
5WKF,"E,J",,,NPISGHATLY,IQFQNNGVVDD,CASSLGQGLLYGYTF
5WJO,"B,D",,,DPISGHVSLF,TYFQNEAQLDK,CASSLARAQGASNTGELFF
5W1W,"E,J,O,T",,,SPRSGDLSVY,IQYYNGEERA,CASSANPGDSSNEKLFF
5W1V,"E,J,O,T",,,SPRSGDLSVY,IQYYNGEERA,CASSANPGDSSNEKLFF
5VCJ,D,,,NQTNNHNNMY,HYSYGAGSTE,CASGDEGYTQYF
5U72,"G,E",,,AQDMNHNSMY,YYSASEGTTD,CASSVWTGEGSGELFF
5U6Q,"E,G",,,AQDMNHNSMY,YYSASEGTTD,CASSVWTGEGSGELFF
5U2V,"H,F",,,AQDMNHNSMY,YYSASEGTTD,CASSVWTGEGSGELFF
5U1R,"E,G",,,AQDMNHNSMY,YYSASEGTTD,CASSVWTGEGSGELFF
5U17,"E,G",,,AQDMNHNSMY,YYSASEGTTD,CASSVWTGEGSGELFF
5U16,"F,H",,,AQDMNHNSMY,YYSASEGTTD,CASSVWTGEGSGELFF
5TJE,"H,F",,,HQTNNHDYMY,HYSYVADSTE,CASSDAGGRNTLYF
5TIL,"H,L",,,HQTNNHDYMY,HYSYVADSTE,CASSDAGGRNTLYF
5TEZ,J,,,SQNMNHEYMS,YYSMNVEVTD,CASSLLGGWSEAFF
5SWZ,"E,J,O,T",,,SQTMNHDTMY,LFYYDKILNR,CASSRDLGRDTQYF
5SWS,E,,,SQTMNHDTMY,LFYYDKILNR,CASSAGLDAEQYF
5NQK,B,,,EQNLNHDAMY,YYSQIVNDFQ,CASSQGLAGAGELFF
5NMG,"E,J",,,SPKQGHDTVS,FQYYEEEERQ,CASSDTVSYEQYF
5NMF,"E,J",,,SPKQGHDTVS,FQYYEEEERQ,CASSDTVSYEQYF
5NME,"E,J",,,SPKQGHDTVS,FQYYEEEERQ,CASSDTVSYEQYF
5NMD,"B,D",,,SPKQGHDTVS,FQYYEEEERQ,CASSDTVSYEQYF
5NHT,B,,,EQNLNHDAMY,YYSQIVNDFQ,CASSQGLAGAGELFF
5MEN,E,,,AQDMNHEYMS,HYSVGAGITD,CASSYQGTEAFF
5M02,H,,,HQTNNHDYMY,HYSYVADSTE,CASSDAGGRNTLYF
5M01,H,,,HQTNNHDYMY,HYSYVADSTE,CASSDAGGRNTLYF
5M00,H,,,HQTNNHDYMY,HYSYVADSTE,CASSDAGGRNTLYF
5L2K,E,,,AQDMNHEYMY,HYSVGEGTTA,CASSPRLAGDEQFF
5KSB,"F,H",,,SPRSGDLSVY,IQYYNGEERA,CASSNRGLGTDTQYF
5KSA,D,,,SPRSGDLSVY,IQYYNGEERA,CASSVAGTPSYEQYF
5KS9,"F,H",,,SPRSGDLSVY,IQYYNGEERA,CASSVAPGSDTQYF
5JZI,"E,J",,,SQTMGHDKMY,HYSYGVNSTE,CASRRGPYEQYF
5JHD,"E,J",,,EQNLNHDAMY,YYSQIVNDFQ,CASSIGVYGYTF
5IW1,"B,D,F",,,GQDMSHETMY,YISYDVDSNS,CASSLGHTEVFF
5IVX,F,,,GQDMSHETMY,YISYDVDSNS,CASSLGHTEVFF
5ISZ,E,,,EQNLNHDAMY,YYSQIVNDFQ,CASSIFGQREQYF
5HYJ,"E,J",,,KPISGHDYLF,IYFNNNVPIDD,CASSLWEKLAKNIQYF
5HHO,E,,,EQNLNHDAMY,YYSQIVNDFQ,CASSIRSSYEQYF
5HHM,"E,J",,,EQNLNHDAMY,YYSQIVNDFQ,CASSSRSSYEQYF
5FKA,B,,,DPISEHNRLY,TYFQNEAQLEK,CASSLGGYEQYF
5FK9,B,,,DPISEHNRLY,TYFQNEAQLEK,CASSLGGYEQYF
5EUO,"F,H",,,EQNLNHDAMY,YYSQIVNDFQ,CASSIRSSYEQYF
5EU6,E,,,DPISGHTALY,IYFQGTGAADD,CASSFIGGTDTQYF
5E9D,"E,J",,,AQDMNHEYMA,HYSVGVGITD,CASRPGWMAGGVELYF
5E6I,"H,B,L,Q",,,SQNMNHEYMS,YYSMNVEVTD,CASSLIYPGELFF
5D7L,"E,H",,,VQDMDHENMF,YFSYDVKMKE,CASSPSGYQETQYF
5D7K,E,,,VQDMDHENMF,YFSYDVKMKE,CASSPSGYQETQYF
5D7J,"B,H",,,TQDMRHNAMY,HYSNTAGTTG,CASSEAGGNTGELFF
5D7I,"H,F",,,TQDMRHNAMY,HYSNTAGTTG,CASSEAGGNTGELFF
5D5M,"F,H",,,TQDMRHNAMY,HYSNTAGTTG,CASSEAGGNTGELFF
5D2N,"F,E",,,DPISGHVSLY,TYFNYEAQQDK,CASSLAPGTTNEKLFF
5D2L,"J,L,P,F",,,DPISGHTALY,IYFQGNSAPDK,CASSQTQLWETQYF
5C0C,"E,J",,,KPISGHDYLF,IYFNNNVPIDD,CASSLWEKLAKNIQYF
5C0B,"E,J",,,KPISGHDYLF,IYFNNNVPIDD,CASSLWEKLAKNIQYF
5C0A,"E,J",,,KPISGHDYLF,IYFNNNVPIDD,CASSLWEKLAKNIQYF
5C09,"E,J",,,KPISGHDYLF,IYFNNNVPIDD,CASSLWEKLAKNIQYF
5C08,"E,J",,,KPISGHDYLF,IYFNNNVPIDD,CASSLWEKLAKNIQYF
5C07,"E,J",,,KPISGHDYLF,IYFNNNVPIDD,CASSLWEKLAKNIQYF
5BS0,E,,,SPISGHRSVS,FEYFSETQRN,CASSFNMATGQYF
5BRZ,E,,,SPISGHRSVS,FEYFSETQRN,CASSFNMATGQYF
4ZDH,B,,,VQDMDHENMF,YFSYDVKMKE,CASSFLGTGVEQYF
4ZAK,D,,,NQTNNHNNMY,HYSYGAGSTE,CASGDEGYTQYF
4Z7W,"F,H",,,AQDMNHNSMY,YYSASEGTTD,CASSEARRYNEQFF
4Z7V,"F,H",,,SPRSGDLSVY,IQYYNGEERA,CASSAGTSGEYEQYF
4Z7U,"F,H",,,SPRSGDLSVY,IQYYNGEERA,CASSTTPGTGTETQYF
4Y4K,D,,,NQTNNHNNMY,HYSYGAGSTE,CASGDEGYTQYF
4Y4H,"D,H",,,NQTNNHNNMY,HYSYGAGSTE,CASGDEGYTQYF
4Y4F,"D,H",,,NQTNNHNNMY,HYSYGAGSTE,CASGDEGYTQYF
4Y2D,"D,H",,,NQTNNHNNMY,HYSYGAGSTE,CASGDEGYTQYF
4Y1A,E,,,AQDMNHEYMY,HYSVGEGTTA,CASRPRDPVTQYF
4Y19,E,,,AQDMNHEYMY,HYSVGEGTTA,CASRPRRDNEQFF
4Y16,D,,,NQTNNHNNMY,HYSYGAGSTE,CASGDEGYTQYF
4X6D,"F,H",,,AQDMNHEYMY,HYSVGEGTTA,CASRYFLPTQGMGAFF
4X6C,"F,H",,,AQDMNHEYMY,HYSVGEGTTA,CASRYFLPTQGMGAFF
4X6B,"B,D",,,AQDMNHEYMY,HYSVGEGTTA,CASRYFLPTQGMGAFF
4WWK,B,,,AQDMNHEYMS,HYSVGAGITD,CASSQGPFQPQHF
4WW2,B,,,DPISGHVSLF,TYFQNEAQLDK,CASSSRDLEQYF
4WW1,B,,,DPISGHVSLF,TYFQNEAQLDK,CASSSRDLEQYF
4WO4,D,,,RSLDFQATTMF,ATSNEGSKATYE,CSAPGGVGAFF
4WNQ,"B,D",,,RSLDFQATTMF,ATSNEGSKATYE,CSAPGGVGAFF
4UDU,B,,,DPISEHNRLY,TYFQNEAQLEK,CASSLGGYEQYF
4UDT,B,,,DPISEHNRLY,TYFQNEAQLEK,CASSLGGYEQYF
4QRR,E,,,SPISGHRSVS,FEYFSETQRN,CASSLEGGYYNEQFF
4QRP,"E,I,L",,,NPISGHATLY,IQFQNNGVVDD,CASSLRGRGDQPQHF
4QOK,E,,,TVEGTSNPNLY,FYSVGIGQI,CAWSETGLGTGELFF
4PRP,E,,,SPRSGDLSVY,IQYYNGEERA,CASSARSGELFF
4PRI,E,,,SPRSGDLSVY,IQYYNGEERA,CASSARSGELFF
4PRH,E,,,SPRSGDLSVY,IQYYNGEERA,CASSARSGELFF
4PJX,"F,H",,,AQDMNHNSMY,YYSASEGTTD,CASSAAVEGGNTIYF
4PJI,"F,H",,,AQDMNHNSMY,YYSASEGTTD,CASSPPGGTDTQYF
4PJH,"F,H",,,AQDMNHNSMY,YYSASEGTTD,CASSGGDSGELFF
4PJG,"F,H",,,AQDMNHNSMY,YYSASEGTTD,CASSETDPNTGELFF
4PJF,"F,H",,,AQDMNHNSMY,YYSASEGTTD,CASSYEVSGANVLTF
4PJE,"F,H",,,AQDMNHNSMY,YYSASEGTTD,CASTLGQEGQPQHF
4PJD,"F,H",,,AQDMNHNSMY,YYSASEGTTD,CASSPPGGTDTQYF
4PJC,"F,H",,,AQDMNHNSMY,YYSASEGTTD,CASSAAVEGGNTIYF
4PJB,"F,H",,,AQDMNHNSMY,YYSASEGTTD,CASSETDPNTGELFF
4PJA,"F,H",,,AQDMNHNSMY,YYSASEGTTD,CASTLGQEGQPQHF
4PJ9,D,,,TQDMRHNAMY,HYSNTAGTTG,CASSAGASTGELFF
4PJ8,D,,,RSLDFQATTMF,ATSNEGSKATYE,CSARTSGDFGEQFF
4PJ7,"F,H",,,TQDMRHNAMY,HYSNTAGTTG,CASSGGTNNEQFF
4PJ5,"E,H",,,AQDMNHNSMY,YYSASEGTTD,CASSVWTGEGSGELFF
4P5T,"B,F",,,NQTNNHNNMY,HYSYGAGSTE,CASGDFWGDTLYF
4P4K,"D,H",,,SPISGHRSVS,FEYFSETQRN,CASSLAQGGETQYF
4P46,B,,,NQTNNHNNMY,HYSYGAGSTE,CASGDFWGDTLYF
4P2R,"E,J,O,T",,,IPEKGHPVVF,INFQNQEVLQQ,CASSLNNANSDYTF
4P2Q,"E,J,O,T",,,IPEKGHPVVF,INFQNQEVLQQ,CASSLNNANSDYTF
4P2O,D,,,IPEKGHPVVF,INFQNQEVLQQ,CASSLNWSQDTQYF
4P23,B,,,DQTNNHNNMY,HYSYGAGSTE,CASGDFWGDTLYF
4OZI,"F,H",,,RSLDFQATTMF,ATSNEGSKATYE,CSAGVGGQETQYF
4OZH,"F,H",,,DPISGHTALY,IYFQGNSAPDK,CASSVRSTDTQYF
4OZG,"F,H",,,DPISGHTALY,IYFQGNSAPDK,CASSFRFTDTQYF
4OZF,H,,,DPISGHTALY,IYFQGNSAPDK,CASSFRALAADTQYF
4ONH,B,,,TQDMNHNYMY,YYSVGAGITD,CASRHGLASYEQYF
4NQE,"E,H",,,AQDMNHNSMY,YYSASEGTTD,CASSVWTGEGSGELFF
4NQD,"E,H",,,AQDMNHNSMY,YYSASEGTTD,CASSVWTGEGSGELFF
4NQC,"E,H",,,AQDMNHNSMY,YYSASEGTTD,CASSVWTGEGSGELFF
4NHU,"B,D",,,NQTNNHNNMY,HYSYGAGSTE,CASGGGGTLYF
4N5E,D,,,RQTNSHNYMY,HYSYGAGNLQ,CASSDAPGQLYF
4N0C,"D,H",,,RQTNSHNYMY,HYSYGAGNLQ,CASSDAPGQLYF
4MXQ,D,,,RQTNSHNYMY,HYSYGAGNLQ,CASSDAPGQLYF
4MVB,D,,,RQTNSHNYMY,HYSYGAGNLQ,CASSDAPGQLYF
4MS8,D,,,RQTNSHNYMY,HYSYGAGNLQ,CASSDAPGQLYF
4MNQ,E,,,AQDMNHEYMS,HYSIHPEYTD,CASSYQGTEAFF
4MJI,"E,J",,,DPISGHTALY,IYFQGTGAADD,CASSLTGGGELFF
4-May,D,,,DPISGHTALY,IYFQGTGAADD,CATSALGDTQYF
4LCW,"E,H",,,AQDMNHNSMY,YYSASEGTTD,CASSVWTGEGSGELFF
4LCC,B,,,AQDMNHNSMY,YYSASEGTTD,CASSVWTGEGSGELFF
4L9L,B,,,AQDMNHEYMY,HYSVGEGTTA,CASSYPPDGGNTIYF
4L8S,B,,,AQDMNHNSMY,YYSASEGTTD,CASSETDPNTGELFF
4L4V,"E,H",,,AQDMNHNSMY,YYSASEGTTD,CASSVWTGEGSGELFF
4L4T,"E,H",,,AQDMNHNSMY,YYSASEGTTD,CASSVWTGEGSGELFF
4L3E,E,,,TQDMRHNAMY,HYSNTAGTTG,CASSWSFGTEAFF
4JRY,E,,,SPKSGHDTVS,FQYYEEEERQ,CASSRTGSTYEQYF
4JRX,E,,,AQDMNHNSMY,YYSASEGTTD,CASPGETEAFF
4JFH,E,,,TVEGTSNPNLY,FYWGPFGQI,CAWSETGLGMGGWQF
4JFF,E,,,TVEGTSNPNLY,FYWGPFGQI,CAWSETGLGMGGWQF
4JFE,E,,,TVEGTSNPNLY,FYWGPFGQI,CAWSETGLGMGGWQF
4JFD,E,,,TVEGTSNPNLY,FYWGPFGQI,CAWSETGLGMGGWQF
4IRS,D,,,NQTNNHNNMY,HYSYGAGSTE,CASGDEGYTQYF
4IRJ,D,,,NQTNNHNNMY,HYSYGAGSTE,CASGDEGYTQYF
4IIQ,B,,,AQDMNHNSMY,YYSASEGTTD,CASSVWTGEGSGELFF
4H1L,"H,J",,,EQNLNHDAMY,YYSQIVNDFQ,CASSLRDGYTGELFF
4GRM,"B,D",,,AQDMNHEYMS,HYSVGAGITD,CASRPGLMSAQPEQYF
4GRL,D,,,DPISGHTALY,IYFQGTGAADD,CATSALGDTQYF
4GKZ,B,,,VQDMDHENMF,YFSYDVKMKE,CASSSTGLPYGYTF
4GG8,"F,B",,,SPRSGDLSVY,IQYYNGEERA,CASSVAVSAGTYEQYF
4GG6,"F,H",,,SPRSGDLSVY,IQYYNGEERA,CASSVAVSAGTYEQYF
4G9F,E,,,AQDMNHEYMS,HYSVGAGITD,CASREGLGGTEAFF
4G8G,E,,,AQDMNHEYMS,HYSVGAGITD,CASREGLGGTEAFF
4G8F,B,,,AQDMNHEYMY,HYSVGEGTTA,CASSPRLAGDEQFF
4G8E,B,,,AQDMNHEYMY,HYSVGEGTTA,CASRPPLTARGLKHTGELFF
4FTV,E,,,AQDMNHEYMS,HYSVGAGITD,CASRPGLMSAQPEQYF
4EUP,"H,J",,,VQDMDHENMF,YFSYDVKMKE,CASSFLGTGVEQYF
4EN3,B,,,SQTMGHDKMY,HYSYGVNSTE,CASSENSGTGRIYEQYF
4ELM,"F,H",,,DPVSNHLYFY,VNFYNGKVMEK,CASSFWGAYAEQFF
4ELK,"B,D",,,DPVSNHLYFY,VNFYNGKVMEK,CASSFWGAYAEQFF
4EI6,"B,D",,,DPVSNHLYFY,VNFYNGKVMEK,CASSFWGAYAEQFF
4EI5,"D,H",,,DPVSNHLYFY,VNFYNGKVMEK,CASSFWGAYAEQFF
4.00E+42,"B,D",,,SPISGHTSVY,LWYDEGEERN,CASSQIRETQYF
4.00E+41,"E,J",,,SPISGHTSVY,LWYDEGEERN,CASSQIRETQYF
4DZB,B,,,RSLDFQATTMF,ATSNEGSKATYE,CSARTSGDFGEQFF
4C56,"B,H",,,EQNLNHDAMY,YYSQIVNDFQ,CASSSRSSYEQYF
4APQ,D,,,QQNFNHDTMY,YYSYGAGSTE,CASGSLLDVREVFF
3W0W,E,,,SQNMNHEYMS,YYSMNVEVTD,CASSGASHEQYF
3VXU,"E,J",,,SQNMNHEYMS,YYSMNVEVTD,CASSGASHEQYF
3VXT,"D,B",,,SQNMNHEYMS,YYSMNVEVTD,CASSGASHEQYF
3VXS,E,,,DPISEHNRLY,TYFQNEAQLEK,CASSSWDTGELFF
3VXR,E,,,DPISEHNRLY,TYFQNEAQLEK,CASSSWDTGELFF
3VXQ,"E,B",,,DPISEHNRLY,TYFQNEAQLEK,CASSSWDTGELFF
3VXM,E,,,EQHMGHRAMY,FVYSYEKLSI,CASSPTSGIYEQYF
3VWK,D,,,SQTMGHDKMY,HYSYGVNSTE,CASSGLRDRGLYEQYF
3VWJ,D,,,SQTMGHDKMY,HYSYGVNSTE,CASSGLRDRGLYEQYF
3UTT,"E,J",,,KPISGHDYLF,IYFNNNVPIDD,CASSLWEKLAKNIQYF
3UTS,"E,J",,,KPISGHDYLF,IYFNNNVPIDD,CASSLWEKLAKNIQYF
3UTP,"E,L",,,KPISGHDYLF,IYFNNNVPIDD,CASSLWEKLAKNIQYF
3TZV,"B,H",,,SQTMGHDKMY,HYSYGVNSTE,CASSEEGALKESVGTQYF
3TYF,"B,D",,,SQTMGHDKMY,HYSYGVNSTE,CASSEEGALKESVGTQYF
3TVM,"D,H",,,NQTNNHNNMY,HYSYGAGSTE,CASGDEGYTQYF
3TPU,"B,D,H,N",,,RQTNSHNYMY,HYSYGAGNLQ,CASSDAPGQLYF
3TO4,D,,,ILKNSQYPWMS,FTLRSPGDKEV,CTSSADHWTNTGQLYF
3TN0,D,,,NQTNNHNNMY,HYSYGAGSTE,CASGDAGGNYAEQFF
3TJH,D,,,RQTNSHNYMY,HYSYGAGNLQ,CASSDAPGQLYF
3TFK,D,,,RQTNSHNYMY,HYSYGAGNLQ,CASSDAPGQLYF
3TA3,D,,,NQTNNHNNMY,HYSYGAGSTE,CASGDEGYTQYF
3T0E,D,,,RSLDFQATTMF,ATSNEGSKATYE,CSARGGSYNSPLHF
3SKN,"B,D,F,H",,,AQDMNHEYMY,HYSVGEGTTA,CASGQGNFDIQYF
3SJV,"E,J,O,T",,,AQDMNHEYMY,HYSVGEGTTA,CASGQGNFDIQYF
3SDX,"F,H",,,SQTMGHDKMY,HYSYGVNSTE,CASSEFGGTERTQETQYF
3SDD,D,,,QQNFNHDTMY,YYSYGAGSTE,CASGSLLDVREVFF
3SDC,D,,,QQNFNHDTMY,YYSYGAGSTE,CASGSLLDVREVFF
3SDA,D,,,QQNFNHDTMY,YYSYGAGSTE,CASGSLLDVREVFF
3SCM,D,,,QQNFNHDTMY,YYSYGAGSTE,CASGSLLDVREVFF
3RZC,D,,,NQTNNHNNMY,HYSYGAGSTE,CASGDEGYTQYF
3RUG,"F,H",,,HQTNNHDYMY,HYSYVADSTE,CASRLGGYEQYF
3RTQ,D,,,NQTNNHNNMY,HYSYGAGSTE,CASGDEGYTQYF
3RGV,B,,,NQTNNHNNMY,HYSYGAGSTE,CASGDFWGDTLYF
3REV,B,,,AQDMNHEYMS,HYSVGAGITD,CASSYVSQNNEQFF
3RDT,B,,,NQTNNHNNMY,HYSYGAGSTE,CASGDFWGDTLYF
3R8B,"B,D,F,H,J,L,N,P",,,KQTNSYFNNMY,FMSHGIRNVE,CASGGGGTLYF
3QUZ,D,,,NQTNNHNNMY,HYSYGAGSTE,CASGDEGYTQYF
3QUY,D,,,NQTNNHNNMY,HYSYGAGSTE,CASGDEGYTQYF
3QUX,D,,,NQTNNHNNMY,HYSYGAGSTE,CASGDEGYTQYF
3QJH,"B,D",,,IPEKGHPVVF,INFQNQEVLQQ,CASSLNNANSDYTF
3QJF,"B,D",,,IPEKGHPVVF,INFQNQEVLQQ,CASSLNWSQDTQYF
3QIW,D,,,IPEKGHPVVF,INFQNQEVLQQ,CASSLNNANSDYTF
3QIU,D,,,IPEKGHPVVF,INFQNQEVLQQ,CASSLNNANSDYTF
3QIB,D,,,IPEKGHPVVF,INFQNQEVLQQ,CASSLNWSQDTQYF
3QI9,D,,,QQNFNHDTMY,YYSYGAGSTE,CASGSLLDVREVFF
3QH3,"B,D",,,AQDMNHEYMS,HYSVGAGITD,CASRPGLAGGRPEQYF
3QFJ,E,,,AQDMNHEYMS,HYSVGAGITD,CASRPGLAGGRPEQYF
3QEU,"E,B",,,TQDMRHNAMY,HYSNTAGTTG,CASSLSFGTEAFF
3QEQ,E,,,HQTENHRYMY,HYSYGVKDTD,CAISEVGVGQPQHF
3QDM,E,,,HQTENHRYMY,HYSYGVKDTD,CAISEVGVGQPQHF
3QDJ,E,,,TQDMRHNAMY,HYSNTAGTTG,CASSLSFGTEAFF
3QDG,E,,,TQDMRHNAMY,HYSNTAGTTG,CASSLSFGTEAFF
3Q5Y,"A,B,C,D",,,IPISGHSNVV,IQHYEKVERD,CASSLRWGDEQYF
3Q5T,A,,,DPISGHDTLY,VYFRDEAVIDN,CASSSGVGTEVFF
3PWP,E,,,AQDMNHEYMS,HYSVGAGITD,CASRPGLAGGRPEQYF
3PQY,"E,J,O,T",,,GQDMSHETMY,YISYDVDSNS,CASSFGREQYF
3PL6,D,,,DPISGHTALY,IYFQGTGAADD,CATSALGDTQYF
3OWE,"A,C,E,G,I,K,M,O",,,QQTNNHNNMY,HYSYGVGNTE,CASGVGGTLYF
3OF6,"A,B,C",,,DPISGHVSLF,TYFQNEAQLDK,CASSLGQAYEQYF
3O9W,D,,,NQTNNHNNMY,HYSYGAGSTE,CASGDEGYTQYF
3O8X,D,,,NQTNNHNNMY,HYSYGAGSTE,CASGDEGYTQYF
3O6F,"D,H",,,RSLDFQATTMF,ATSNEGSKATYE,CSARGGSYNSPLHF
3O4L,E,,,RSLDFQATTMF,ATSNEGSKATYE,CSARDGTGNGYTF
3MV9,E,,,SPRSGDLSVY,IAYYNGEERA,CASSARSGELFF
3MV8,E,,,SPRSGDLSVY,IHYYNGEERA,CASSARSGELFF
3MV7,E,,,SPRSGDLSVY,IQYYNGEERA,CASSARSGELFF
3MFG,B,,,RSLDFQATTMF,ATSNEGSKATYE,CSALAGSGSSTDTQYF
3MFF,"B,D",,,GQDMSHETMY,YISYDVDSNS,CASSLAGTGNYEQYF
3MC0,"A,C",,,QQTNNHNNMY,HYSYGAGSTE,CASGGGGTLYF
3MBE,"D,H",,,HQTNNHDYMY,HYSYVADSTE,CASSWDRAGNTLYF
3KXF,"E,H,P,O",,,AQDMNHNSMY,YYSASEGTTD,CASPGLAGEYEQYF
3KPS,E,,,DPISGHVSLF,TYFQNEAQLDK,CASSLGQAYEQYF
3KPR,"E,J",,,DPISGHVSLF,TYFQNEAQLDK,CASSLGQAYEQYF
3HUJ,"F,H",,,SQTMGHDKMY,HYSYGVNSTE,CASSGLRDRGLYEQYF
3HG1,E,,,TVEGTSNPNLY,FYSVGIGQI,CAWSETGLGTGELFF
3HE7,D,,,GQDMSHETMY,YISYDVDSNS,CASSSTGLDTQYF
3HE6,D,,,NQTNNHNNMY,HYSYGAGSTE,CASGDAGGNYAEQFF
3H9S,E,,,AQDMNHEYMS,HYSVGAGITD,CASRPGLAGGRPEQYF
3GSN,B,,,AQDMNHEYMS,HYSVGAGITD,CASSPVTGGIYGYTF
3FFC,"E,J",,,NPISGHATLY,IQFQNNGVVDD,CASSFTWTSGGATDTQYF
3E3Q,"E,F,e,J,N,S,W,a",,,NQTNNHNNMY,YYSYGAGSTE,CASGGGGTLYF
3E2H,C,,,NQTNNHNNMY,YYSYGAGSTE,CASGGGGTLYF
3DXA,"E,J,O",,,DPISEHNRLY,TYFQNEAQLEK,CASRYRDDSYNEQFF
3DX9,"B,D",,,DPISEHNRLY,TYFQNEAQLEK,CASRYRDDSYNEQFF
3D3V,E,,,AQDMNHEYMS,HYSVGAGITD,CASRPGLAGGRPEQYF
3D39,E,,,AQDMNHEYMS,HYSVGAGITD,CASRPGLAGGRPEQYF
3C6L,"B,F",,,NQTNNHNNMY,HYSYGAGSTE,CASGDAWGYEQYF
3C60,"B,F",,,NQTNNHNNMY,HYSYGAGSTE,CASGDFWGDTLYF
3C5Z,"B,F",,,HQTNNHDYMY,HYSYVADSTE,CASIDSSGNTLYF
3BZD,A,,,QQTNNHNNMY,HYSYGAGSTE,CASGGGGTLYF
3BYY,A,,,QQTNNHNNMY,HYSYGAGSTE,CASGGGGTLYF
3BYT,"A,C,E,G",,,QQTNNHNNMY,HYSYGAGSTE,CASGGGGTLYF
3AXL,"B,H",,,HQTNNHDYMY,HYSYVADSTE,CASRLGGYEQYF
3ARG,D,,,NQTNNHNNMY,HYSYGAGSTE,CASGDAGGNYAEQFF
3ARF,D,,,NQTNNHNNMY,HYSYGAGSTE,CASGDAGGNYAEQFF
3ARE,D,,,NQTNNHNNMY,HYSYGAGSTE,CASGDAGGNYAEQFF
3ARD,D,,,NQTNNHNNMY,HYSYGAGSTE,CASGDAGGNYAEQFF
3ARB,D,,,NQTNNHNNMY,HYSYGAGSTE,CASGDAGGNYAEQFF
2Z35,B,,,NQTNNHNNMY,YYSYGAGSTE,CASGDASGAETLYF
2Z31,B,,,NQTNNHNNMY,YYSYGAGSTE,CASGDASGGNTLYF
2YPL,E,,,EQNLNHDAMY,YYSQIVNDFQ,CASTGSYGYTF
2XNA,B,,,EQNLNHDAMY,YYSQIVNDFQ,CASSSRSSYEQYF
2XN9,B,,,EQNLNHDAMY,YYSQIVNDFQ,CASSSRSSYEQYF
2WBJ,"D,H",,,RSLDFQATTMF,ATSNEGSKATYE,CSARDLTSGANNEQFF
2VLR,"E,J",,,EQNLNHDAMY,YYSQIVNDFQ,CASSSRASYEQYF
2VLM,E,,,EQNLNHDAMY,YYSQIVNDFQ,CASSSRSSYEQYF
2VLK,E,,,EQNLNHDAMY,YYSQIVNDFQ,CASSSRSSYEQYF
2VLJ,E,,,EQNLNHDAMY,YYSQIVNDFQ,CASSSRSSYEQYF
2UWE,"F,M",,,HQTNNHDYMY,HYSYVADSTE,CASSDWVSYEQYF
2Q86,"B,D",,,NQTNNHNNMY,HYSYGAGSTE,CASGGGGTLYF
2PYF,B,,,AQDMNHEYMS,HYSVGAGTTD,CASSYLGNTGELFF
2PYE,E,,,AQDMNHEYMS,HYSVGAGTTD,CASSYLGNTGELFF
2PXY,B,,,NQTNNHNNMY,YYSYGAGSTE,CASGDASGAETLYF
2PO6,"D,H",,,SQTMGHDKMY,HYSYGVNSTE,CASSGLRDRGLYEQYF
2P5W,E,,,AQDMNHEYMS,HYSVSVGMTD,CASSYLGNTGELFF
2P5E,E,,,AQDMNHEYMS,HYSVAIQTTD,CASSYLGNTGELFF
2OL3,B,,,ILKNSQYPWMS,FTLRSPGDKEV,CTCSADRVGNTLYF
2OI9,C,,,NQTNNHNNMY,YYSYGAGSTE,CASGGGGTLYF
2NX5,"E,J,P,U",,,HQTENHRYMY,HYSYGVKDTD,CATGTGDSNQPQHF
2NW2,B,,,HQTENHRYMY,HYSYGVKDTD,CATGTGDSNQPQHF
2NTS,P,,,SPISGHRSVS,FEYFNETQRN,CASSLADRVNTEAFF
2JCC,"F,M",,,HQTNNHDYMY,HYSYVADSTE,CASSDWVSYEQYF
2J8U,"F,M",,,HQTNNHDYMY,HYSYVADSTE,CASSDWVSYEQYF
2IJ0,"E,C",,,RSLDTNIHTMF,ATSHQGFNAIYE,CSALAGSGSSTDTQYF
2ICW,"J,L",,,NQTNNHNNMY,HYSYGAGSTE,CASGGGGTLYF
2IAN,"E,J,O,T",,,TQDMNHNYMY,YYSVGAGITD,CASTYHGTGYF
2IAM,D,,,TQDMNHNYMY,YYSVGAGITD,CASTYHGTGYF
2IAL,"B,D",,,TQDMNHNYMY,YYSVGAGITD,CASTYHGTGYF
2GJ6,E,,,AQDMNHEYMS,HYSVGAGITD,CASRPGLAGGRPEQYF
2F54,"E,L",,,AQDMNHEYMS,HYSVGAGITD,CASSYVGNTGELFF
2F53,E,,,AQDMNHEYMS,HYSVSVGMTD,CASSYVGNTGELFF
2EYT,"B,D",,,SQTMGHDKMY,HYSYGVNSTE,CASSGLRDRGLYEQYF
2EYS,B,,,SQTMGHDKMY,HYSYGVNSTE,CASSGLRDRGLYEQYF
2EYR,B,,,SQTMGHDKMY,HYSYGVNSTE,CASTSRRGSYEQYF
2ESV,E,,,DPISGHDNLY,LHFVKESKQDE,CASSQDRDTQYF
2E7L,"C,D",,,NQTNNHNNMY,YYSYGAGSTE,CASGGGGTLYF
2CKB,"B,D",,,NQTNNHNNMY,HYSYGAGSTE,CASGGGGTLYF
2CDG,B,,,SQTMGHDKMY,HYSYGVNSTE,CASSESRTGINYGYTF
2CDF,B,,,SQTMGHDKMY,HYSYGVNSTE,CASSEFRDGNEKLFF
2CDE,"B,D,F",,,SQTMGHDKMY,HYSYGVNSTE,CASSENIGTAYEQYF
2BNU,B,,,AQDMNHEYMS,HYSVGAGITD,CASSYVGNTGELFF
2BNR,E,,,AQDMNHEYMS,HYSVGAGITD,CASSYVGNTGELFF
2BNQ,E,,,AQDMNHEYMS,HYSVGAGITD,CASSYVGNTGELFF
2AXJ,"A,B",,,EQNLNHDAMY,YYSQIVNDFQ,CASRDRGTEKLFF
2AXH,"A,B",,,EQNLNHDAMY,YYSQIVNDFQ,CASSIGQMNEQYF
2AQ3,"A,C,E,G",,,QQTNNHNNMY,HYSYGAGSTE,CASGGGGTLYF
2AQ2,A,,,QQTNNHNNMY,HYSYGVGNTE,CASGGGGTLYF
2AQ1,"A,C,E,G",,,QQTNNHNNMY,HYSYGVGNTE,CASGVGGTLYF
2APX,A,,,QQTNNHNNMY,HYSYGVGNTE,CASGVGGTLYF
2APW,A,,,QQTNNHNNMY,HYSYGVGNTE,CASGVGGTLYF
2APV,A,,,QQTNNHNNMY,HYSYGVGNTE,CASGVGGTLYF
2APT,"A,B",,,QQTNNHNNMY,HYSYGAGNTE,CASGVGGTLYF
2APF,A,,,QQTNNHNNMY,HYSYGVGNTE,CASGGGGTLYF
2APB,A,,,QQTNNHNNMY,HYSYGAGNTE,CASGGGGTLYF
2AK4,"E,J,P,U",,,AQDMNHNSMY,YYSASEGTTD,CASPGLAGEYEQYF
1ZGL,"P,R,T,V",,,SPISGHRSVS,FEYFNETQRN,CASSLADRVNTEAFF
1YMM,E,,,RSLDFQATTMF,ATSNEGSKATYE,CSARDLTSGANNEQFF
1U3H,"B,F",,,NQTNNHNNMY,YYSYGAGSTE,CASGDAGGGYEQYF
1TCR,B,,,NQTNNHNNMY,HYSYGAGSTE,CASGGGGTLYF
1SBB,"A,C",,,QQTNNHNNMY,HYSYGAGSTE,CASGGGRGSYAEQFF
1QSF,E,,,AQDMNHEYMS,HYSVGAGITD,CASRPGLAGGRPEQYF
1QSE,E,,,AQDMNHEYMS,HYSVGAGITD,CASRPGLAGGRPEQYF
1QRN,E,,,AQDMNHEYMS,HYSVGAGITD,CASRPGLAGGRPEQYF
1OGA,E,,,EQNLNHDAMY,YYSQIVNDFQ,CASSSRSSYEQYF
1NFD,"B,D",,,IPISGHSNVV,IQHYEKVERD,CASSLRWGDEQYF
1NAM,B,,,ILKNSQYPWMS,FTLRSPGDKEV,CTCSADRVGNTLYF
1MWA,"B,D",,,NQTNNHNNMY,HYSYGAGSTE,CASGGGGTLYF
1MI5,E,,,DPISGHVSLF,TYFQNEAQLDK,CASSLGQAYEQYF
1LP9,"F,M",,,HQTNNHDYMY,HYSYVADSTE,CASSDWVSYEQYF
1L0Y,"A,C",,,QQTNNHNNMY,HYSYGAGSTE,CASGGGRGSYAEQFF
1L0X,"A,C",,,QQTNNHNNMY,HYSYGAGSTE,CASGGGRGSYAEQFF
1KTK,"E,F",,,RSLDFQATTMF,ATSAEGSKATYE,CSALAGSGSSTDTQYF
1KJ2,"B,E",,,ILKNSQYPWMS,FTLRSPGDKEV,CTCSAAPDWGASAETLYF
1KGC,E,,,DPISGHVSLF,TYFQNEAQLDK,CASSLGQAYEQYF
1KB5,B,,,ILKNSQYPWMS,FTLRSPGDKEV,CTCSAAPDWGASAETLYF
1JCK,"A,C",,,QQTNNHNNMY,HYSYGAGSTE,CASGGGRGSYAEQFF
1J8H,E,,,VQDMDHENMF,YFSYDVKMKE,CASSSTGLPYGYTF
1G6R,"B,D",,,NQTNNHNNMY,HYSYGAGSTE,CASGGGGTLYF
1FYT,E,,,VQDMDHENMF,YFSYDVKMKE,CASSSTGLPYGYTF
1FO0,B,,,ILKNSQYPWMS,FTLRSPGDKEV,CTCSADRVGNTLYF
1D9K,"B,F",,,NQTNNHNNMY,HYSYGAGSTE,CASGGQGRAEQFF
1BEC,A,,,QQTNNHNNMY,HYSYGAGSTE,CASGGGRGSYAEQFF
1BD2,E,,,AQDMNHEYMS,HYSVGAGITD,CASSYPGGGFYEQYF
1AO7,E,,,AQDMNHEYMS,HYSVGAGITD,CASRPGLAGGRPEQYF