CDR3b,epitope,HLA,MHC,binder
CASRPGLAGGRPEQYF,LLFGYPVYV,B*07:02:01:01,YYSEYRNIYAQTDESNLYLSYDYYTWAERAYEWY,1
CASSYPGGGFYEQYF,LLFGYPVYV,B*35:01:01:01,YYATYRNIFTNTYESNLYIRYDSYTWAVLAYLWY,1
CTCSADRVGNTLYF,INFDFNTI,A*02:01:01:01,YFAMYGEKVAHTHVDTLYVRYHYYTWAVLAYTWY,1
CASGGGGTLYF,SIYRYYGL,A*02:01:01:01,YFAMYGEKVAHTHVDTLYVRYHYYTWAVLAYTWY,1
CTCSAAPDWGASAETLYF,KVITFIDL,B*08:01:01:01,YDSEYRNIFTNTDESNLYLSYNYYTWAVDAYTWY,1
CASSDWVSYEQYF,ALWGFFPVL,A*01:01:01:01,YFAMYQENMAHTDANTLYIIYRDYTWVARVYRGY,1
CASSLGQAYEQYF,FLRGRAYGL,B*35:01:01:01,YYATYRNIFTNTYESNLYIRYDSYTWAVLAYLWY,1
CASGGGGTLYF,EQYKFYSV,B*57:01:01:01,YYAMYGENMASTYENIAYIVYDSYTWAVLAYLWY,1
CTCSADRVGNTLYF,RGYVYQGL,A*02:01:01:01,YFAMYGEKVAHTHVDTLYVRYHYYTWAVLAYTWY,1
CASSSRSSYEQYF,GILGFVFTL,A*24:02:01:01,YSAMYEEKVAHTDENIAYLMFHYYTWAVQAYTGY,1
CASRPGLAGGRPEQYF,LLFGYAVYV,B*08:01:01:01,YDSEYRNIFTNTDESNLYLSYNYYTWAVDAYTWY,1
CASRPGLAGGRPEQYF,LLFGYPRYV,A*02:01:01:01,YFAMYGEKVAHTHVDTLYVRYHYYTWAVLAYTWY,1
CASRPGLAGGRPEQYF,LLFGYPVAV,A*01:01:01:01,YFAMYQENMAHTDANTLYIIYRDYTWVARVYRGY,1
CASPGLAGEYEQYF,SLLMWITQV,B*35:01:01:01,YYATYRNIFTNTYESNLYIRYDSYTWAVLAYLWY,1
CASSYVGNTGELFF,SLLMWITQC,A*24:02:01:01,YSAMYEEKVAHTDENIAYLMFHYYTWAVQAYTGY,1
CASSYVGNTGELFF,EQYKFYSV,A*02:01:01:01,YFAMYGEKVAHTHVDTLYVRYHYYTWAVLAYTWY,1
CASGGGGTLYF,QLSPFPFDL,A*02:01:01:01,YFAMYGEKVAHTHVDTLYVRYHYYTWAVLAYTWY,1
CASGGGGTLYF,VMAPRTLIL,B*08:01:01:01,YDSEYRNIFTNTDESNLYLSYNYYTWAVDAYTWY,1
CASSQDRDTQYF,SLLMWITQC,A*02:01:01:01,YFAMYGEKVAHTHVDTLYVRYHYYTWAVLAYTWY,1
CASSYVGNTGELFF,SLLMWITQC,B*35:01:01:01,YYATYRNIFTNTYESNLYIRYDSYTWAVLAYLWY,1
CASSYVGNTGELFF,LLFGKPVYV,A*02:01:01:01,YFAMYGEKVAHTHVDTLYVRYHYYTWAVLAYTWY,1
CASRPGLAGGRPEQYF,ALWGFFPVL,A*24:02:01:01,YSAMYEEKVAHTDENIAYLMFHYYTWAVQAYTGY,1
CASSDWVSYEQYF,ALWGFFPVL,A*02:01:01:01,YFAMYGEKVAHTHVDTLYVRYHYYTWAVLAYTWY,1
CASSDWVSYEQYF,EPLPQGQLTAY,A*02:01:01:01,YFAMYGEKVAHTHVDTLYVRYHYYTWAVLAYTWY,1
CATGTGDSNQPQHF,QLSPFPFDL,A*02:01:01:01,YFAMYGEKVAHTHVDTLYVRYHYYTWAVLAYTWY,1
CASGGGGTLYF,SQYYYNSL,A*01:01:01:01,YFAMYQENMAHTDANTLYIIYRDYTWVARVYRGY,1
CTCSADRVGNTLYF,SLLMWITQC,A*02:01:01:01,YFAMYGEKVAHTHVDTLYVRYHYYTWAVLAYTWY,1
CASSYLGNTGELFF,SLLMWITQC,A*02:01:01:01,YFAMYGEKVAHTHVDTLYVRYHYYTWAVLAYTWY,1
CASSYLGNTGELFF,SLLMWITQC,A*02:01:01:01,YFAMYGEKVAHTHVDTLYVRYHYYTWAVLAYTWY,1
CASSYLGNTGELFF,ALWGFFPVL,A*02:01:01:01,YFAMYGEKVAHTHVDTLYVRYHYYTWAVLAYTWY,1
CASSDWVSYEQYF,GILGFVFTL,A*02:01:01:01,YFAMYGEKVAHTHVDTLYVRYHYYTWAVLAYTWY,1
CASSSRSSYEQYF,GILGFVFTL,A*01:01:01:01,YFAMYQENMAHTDANTLYIIYRDYTWVARVYRGY,1
CASSSRSSYEQYF,GILGFVFTL,A*11:01:01:01,YYAMYQENVAQTDVDTLYIIYRDYTWAAQAYRWY,1
CASSSRASYEQYF,KAFSPEVIPMF,A*02:01:01:01,YFAMYGEKVAHTHVDTLYVRYHYYTWAVLAYTWY,1
CASTGSYGYTF,LLFGFPVYV,A*02:01:01:01,YFAMYGEKVAHTHVDTLYVRYHYYTWAVLAYTWY,1
CASRPGLAGGRPEQYF,LLFGFPVYV,A*02:01:01:01,YFAMYGEKVAHTHVDTLYVRYHYYTWAVLAYTWY,1
CASRPGLAGGRPEQYF,EENLLDFVRF,A*02:01:01:01,YFAMYGEKVAHTHVDTLYVRYHYYTWAVLAYTWY,1
CASRYRDDSYNEQFF,QLSPFPFDL,A*02:01:01:01,YFAMYGEKVAHTHVDTLYVRYHYYTWAVLAYTWY,1
CASGGGGTLYF,QLSPFPFDL,A*02:01:01:01,YFAMYGEKVAHTHVDTLYVRYHYYTWAVLAYTWY,1
CASGGGGTLYF,FLRGRAYGL,A*02:01:01:01,YFAMYGEKVAHTHVDTLYVRYHYYTWAVLAYTWY,1
CASSFTWTSGGATDTQYF,NLVPMVATV,A*02:01:01:01,YFAMYGEKVAHTHVDTLYVRYHYYTWAVLAYTWY,1
CASSPVTGGIYGYTF,MLWGYLQYV,A*02:01:01:01,YFAMYGEKVAHTHVDTLYVRYHYYTWAVLAYTWY,1
CASRPGLAGGRPEQYF,ELAGIGILTV,A*02:01:01:01,YFAMYGEKVAHTHVDTLYVRYHYYTWAVLAYTWY,1
CAWSETGLGTGELFF,EEYLKAWTF,A*02:01:01:01,YFAMYGEKVAHTHVDTLYVRYHYYTWAVLAYTWY,1
CASSLGQAYEQYF,EEYLQAFTY,B*35:01:01:01,YYATYRNIFTNTYESNLYIRYDSYTWAVLAYLWY,1
CASSLGQAYEQYF,HPVGEADYFEY,A*03:01:01:01,YFAMYQENVAQTDVDTLYIIYRDYTWAELAYTWY,1
CASPGLAGEYEQYF,HPVGEADYFEY,B*08:01:01:01,YDSEYRNIFTNTDESNLYLSYNYYTWAVDAYTWY,1
CASSARSGELFF,HPVGEADYFEY,A*02:01:01:01,YFAMYGEKVAHTHVDTLYVRYHYYTWAVLAYTWY,1
CASSARSGELFF,GLCTLVAML,A*24:02:01:01,YSAMYEEKVAHTDENIAYLMFHYYTWAVQAYTGY,1
CASSARSGELFF,SSLENFRAYV,A*02:01:01:01,YFAMYGEKVAHTHVDTLYVRYHYYTWAVLAYTWY,1
CSARDGTGNGYTF,LGYGFVNYI,A*01:01:01:01,YFAMYQENMAHTDANTLYIIYRDYTWVARVYRGY,1
CASSFGREQYF,ELAGIGILTV,A*02:01:01:01,YFAMYGEKVAHTHVDTLYVRYHYYTWAVLAYTWY,1
CASRPGLAGGRPEQYF,AAGIGILTV,A*02:01:01:01,YFAMYGEKVAHTHVDTLYVRYHYYTWAVLAYTWY,1
CASSLSFGTEAFF,ELAGIGILTV,A*24:02:01:01,YSAMYEEKVAHTDENIAYLMFHYYTWAVQAYTGY,1
CASSLSFGTEAFF,AAGIGILTV,A*02:01:01:01,YFAMYGEKVAHTHVDTLYVRYHYYTWAVLAYTWY,1
CAISEVGVGQPQHF,LLFGFPVYV,A*02:01:01:01,YFAMYGEKVAHTHVDTLYVRYHYYTWAVLAYTWY,1
CAISEVGVGQPQHF,FLRGRAYGL,B*07:02:01:01,YYSEYRNIYAQTDESNLYLSYDYYTWAERAYEWY,1
CASRPGLAGGRPEQYF,QLSDVPMDL,B*07:02:01:01,YYSEYRNIYAQTDESNLYLSYDYYTWAERAYEWY,1
CASGDFWGDTLYF,SPLDSLWWI,A*24:02:01:01,YSAMYEEKVAHTDENIAYLMFHYYTWAVQAYTGY,1
CASGQGNFDIQYF,FLSPFWFDI,A*02:01:01:01,YFAMYGEKVAHTHVDTLYVRYHYYTWAVLAYTWY,1
CASSDAPGQLYF,ALWGPDPAAA,B*07:02:01:01,YYSEYRNIYAQTDESNLYLSYDYYTWAERAYEWY,1
CASSDAPGQLYF,ALWGPDPAAA,A*02:01:01:01,YFAMYGEKVAHTHVDTLYVRYHYYTWAVLAYTWY,1
CASSDAPGQLYF,RFPLTFGWCF,B*07:02:01:01,YYSEYRNIYAQTDESNLYLSYDYYTWAERAYEWY,1
CASSLWEKLAKNIQYF,RYPLTFGWCF,B*08:01:01:01,YDSEYRNIFTNTDESNLYLSYNYYTWAVDAYTWY,1
CASSLWEKLAKNIQYF,RYPLTLGWCF,A*02:01:01:01,YFAMYGEKVAHTHVDTLYVRYHYYTWAVLAYTWY,1
CASSPTSGIYEQYF,RFPLTFGWCF,A*02:01:01:01,YFAMYGEKVAHTHVDTLYVRYHYYTWAVLAYTWY,1
CASSSWDTGELFF,RFPLTFGWCF,A*02:01:01:01,YFAMYGEKVAHTHVDTLYVRYHYYTWAVLAYTWY,1
CASSSWDTGELFF,ALGIGILTV,A*02:01:01:01,YFAMYGEKVAHTHVDTLYVRYHYYTWAVLAYTWY,1
CASSGASHEQYF,LLFGYPVYV,A*02:01:01:01,YFAMYGEKVAHTHVDTLYVRYHYYTWAVLAYTWY,1
CASSGASHEQYF,KRWIILGLNK,A*02:01:01:01,YFAMYGEKVAHTHVDTLYVRYHYYTWAVLAYTWY,1
CASSFLGTGVEQYF,KRWIIMGLNK,A*11:01:01:01,YYAMYQENVAQTDVDTLYIIYRDYTWAAQAYRWY,1
CASRPGLMSAQPEQYF,ELAAIGILTV,A*02:01:01:01,YFAMYGEKVAHTHVDTLYVRYHYYTWAVLAYTWY,1
CASREGLGGTEAFF,ELAGIGALTV,A*11:01:01:01,YYAMYQENVAQTDVDTLYIIYRDYTWAAQAYRWY,1
CASREGLGGTEAFF,ELAGIGILTV,B*08:01:01:01,YDSEYRNIFTNTDESNLYLSYNYYTWAVDAYTWY,1
CAWSETGLGMGGWQF,ELAGIGILTV,A*02:01:01:01,YFAMYGEKVAHTHVDTLYVRYHYYTWAVLAYTWY,1
CAWSETGLGMGGWQF,TAFTIPSI,B*08:01:01:01,YDSEYRNIFTNTDESNLYLSYNYYTWAVDAYTWY,1
CAWSETGLGMGGWQF,ILAKFLHWL,B*08:01:01:01,YDSEYRNIFTNTDESNLYLSYNYYTWAVDAYTWY,1
CASPGETEAFF,SPAEAGFFL,B*08:01:01:01,YDSEYRNIFTNTDESNLYLSYNYYTWAVDAYTWY,1
CASSRTGSTYEQYF,QPAEGGFQL,A*02:01:01:01,YFAMYGEKVAHTHVDTLYVRYHYYTWAVLAYTWY,1
CASSWSFGTEAFF,SPAPRPLDL,A*02:01:01:01,YFAMYGEKVAHTHVDTLYVRYHYYTWAVLAYTWY,1
CASSLTGGGELFF,MPAGRPWDL,A*03:01:01:01,YFAMYQENVAQTDVDTLYIIYRDYTWAELAYTWY,1
CASSYQGTEAFF,VPYMAEFGM,A*03:01:01:01,YFAMYQENVAQTDVDTLYIIYRDYTWAELAYTWY,1
CASSDAPGQLYF,GGAPWNPAMMI,A*02:01:01:01,YFAMYGEKVAHTHVDTLYVRYHYYTWAVLAYTWY,1
CASSDAPGQLYF,HPVGDADYFEY,B*08:01:01:01,YDSEYRNIFTNTDESNLYLSYNYYTWAVDAYTWY,1
CASSDAPGQLYF,HPVGEADYFEY,A*02:01:01:01,YFAMYGEKVAHTHVDTLYVRYHYYTWAVLAYTWY,1
CASSDAPGQLYF,HPVGQADYFEY,A*24:02:01:01,YSAMYEEKVAHTDENIAYLMFHYYTWAVQAYTGY,1
CASSDAPGQLYF,EAAGIGILTV,A*02:01:01:01,YFAMYGEKVAHTHVDTLYVRYHYYTWAVLAYTWY,1
CASGGGGTLYF,HSKKKCDEL,A*02:01:01:01,YFAMYGEKVAHTHVDTLYVRYHYYTWAVLAYTWY,1
CASSARSGELFF,IPSINVHHY,A*02:01:01:01,YFAMYGEKVAHTHVDTLYVRYHYYTWAVLAYTWY,1
CASSARSGELFF,EVDPIGHLY,A*02:01:01:01,YFAMYGEKVAHTHVDTLYVRYHYYTWAVLAYTWY,1
CASSARSGELFF,ESDPIVAQY,A*02:01:01:01,YFAMYGEKVAHTHVDTLYVRYHYYTWAVLAYTWY,1
CAWSETGLGTGELFF,YQFGPDFPIA,A*02:01:01:01,YFAMYGEKVAHTHVDTLYVRYHYYTWAVLAYTWY,1
CASSLRGRGDQPQHF,RQWGPDPAAV,A*02:01:01:01,YFAMYGEKVAHTHVDTLYVRYHYYTWAVLAYTWY,1
CASSLEGGYYNEQFF,YLGGPDFPTI,A*01:01:01:01,YFAMYQENMAHTDANTLYIIYRDYTWVARVYRGY,1
CASSFNMATGQYF,MVWGPDPLYV,A*24:02:01:01,YSAMYEEKVAHTDENIAYLMFHYYTWAVQAYTGY,1
CASSFNMATGQYF,RQFGPDFPTI,B*07:02:01:01,YYSEYRNIYAQTDESNLYLSYDYYTWAERAYEWY,1
CASSLWEKLAKNIQYF,RQFGPDWIVA,A*02:01:01:01,YFAMYGEKVAHTHVDTLYVRYHYYTWAVLAYTWY,1
CASSLWEKLAKNIQYF,NLVPMVATV,B*07:02:01:01,YYSEYRNIYAQTDESNLYLSYDYYTWAERAYEWY,1
CASSLWEKLAKNIQYF,NLVPMVATV,B*08:01:01:01,YDSEYRNIFTNTDESNLYLSYNYYTWAVDAYTWY,1
CASSLWEKLAKNIQYF,GILGFVFTL,A*24:02:01:01,YSAMYEEKVAHTDENIAYLMFHYYTWAVQAYTGY,1
CASSLWEKLAKNIQYF,ELAGIGILTV,A*01:01:01:01,YFAMYQENMAHTDANTLYIIYRDYTWVARVYRGY,1
CASSLWEKLAKNIQYF,YLEPGPVTV,A*02:01:01:01,YFAMYGEKVAHTHVDTLYVRYHYYTWAVLAYTWY,1
CASSQTQLWETQYF,GILGFVFTL,A*02:01:01:01,YFAMYGEKVAHTHVDTLYVRYHYYTWAVLAYTWY,1
CASSLAPGTTNEKLFF,GILGLVFTL,A*02:01:01:01,YFAMYGEKVAHTHVDTLYVRYHYYTWAVLAYTWY,1
CASSLIYPGELFF,GILEFVFTL,A*02:01:01:01,YFAMYGEKVAHTHVDTLYVRYHYYTWAVLAYTWY,1
CASRPGWMAGGVELYF,AQWGPDPAAA,B*08:01:01:01,YDSEYRNIFTNTDESNLYLSYNYYTWAVDAYTWY,1
CASSFIGGTDTQYF,GILGFVFTL,A*24:02:01:01,YSAMYEEKVAHTDENIAYLMFHYYTWAVQAYTGY,1
CASSIRSSYEQYF,RGPGRAFVTI,A*02:01:01:01,YFAMYGEKVAHTHVDTLYVRYHYYTWAVLAYTWY,1
CASSSRSSYEQYF,GILGFVFTL,A*03:01:01:01,YFAMYQENVAQTDVDTLYIIYRDYTWAELAYTWY,1
CASSIRSSYEQYF,KLVALGINAV,A*02:01:01:01,YFAMYGEKVAHTHVDTLYVRYHYYTWAVLAYTWY,1
CASSLWEKLAKNIQYF,KAVANFATM,B*07:02:01:01,YYSEYRNIYAQTDESNLYLSYDYYTWAERAYEWY,1
CASSIFGQREQYF,KAPANFATM,B*07:02:01:01,YYSEYRNIYAQTDESNLYLSYDYYTWAERAYEWY,1
CASSLGHTEVFF,KAPFNFATM,A*02:01:01:01,YFAMYGEKVAHTHVDTLYVRYHYYTWAVLAYTWY,1
CASSIGVYGYTF,ILAKFLHWL,B*08:01:01:01,YDSEYRNIFTNTDESNLYLSYNYYTWAVDAYTWY,1
CASRRGPYEQYF,ELAGIGILTV,A*03:01:01:01,YFAMYQENVAQTDVDTLYIIYRDYTWAELAYTWY,1
CASSDAGGRNTLYF,SLYNTVATL,A*02:01:01:01,YFAMYGEKVAHTHVDTLYVRYHYYTWAVLAYTWY,1
CASSDAGGRNTLYF,SLYNTIATL,A*02:01:01:01,YFAMYGEKVAHTHVDTLYVRYHYYTWAVLAYTWY,1
CASSDAGGRNTLYF,SLFNTIAVL,A*02:01:01:01,YFAMYGEKVAHTHVDTLYVRYHYYTWAVLAYTWY,1
CASSYQGTEAFF,ELAGIGILTV,B*35:01:01:01,YYATYRNIFTNTYESNLYIRYDSYTWAVLAYLWY,1
CASSQGLAGAGELFF,ASNENMETM,A*24:02:01:01,YSAMYEEKVAHTDENIAYLMFHYYTWAVQAYTGY,1
CASSDTVSYEQYF,ASNENMETM,A*03:01:01:01,YFAMYQENVAQTDVDTLYIIYRDYTWAELAYTWY,1
CASSDTVSYEQYF,GILGFVFTL,B*07:02:01:01,YYSEYRNIYAQTDESNLYLSYDYYTWAERAYEWY,1
CASSDTVSYEQYF,KAPYNFATM,B*08:01:01:01,YDSEYRNIFTNTDESNLYLSYNYYTWAVDAYTWY,1
CASSQGLAGAGELFF,KAVYNFATM,A*24:02:01:01,YSAMYEEKVAHTDENIAYLMFHYYTWAVQAYTGY,1
CASSAGLDAEQYF,VMAPRTLIL,A*02:01:01:01,YFAMYGEKVAHTHVDTLYVRYHYYTWAVLAYTWY,1
CASSRDLGRDTQYF,VMAPRTLVL,A*03:01:01:01,YFAMYQENVAQTDVDTLYIIYRDYTWAELAYTWY,1
CASSLLGGWSEAFF,GTSGSPIVNR,A*02:01:01:01,YFAMYGEKVAHTHVDTLYVRYHYYTWAVLAYTWY,1
CASSDAGGRNTLYF,GTSGSPIINR,A*02:01:01:01,YFAMYGEKVAHTHVDTLYVRYHYYTWAVLAYTWY,1
CASSDAGGRNTLYF,SQLLNAKYL,A*02:01:01:01,YFAMYGEKVAHTHVDTLYVRYHYYTWAVLAYTWY,1
CASSANPGDSSNEKLFF,IPLTEEAEL,A*02:01:01:01,YFAMYGEKVAHTHVDTLYVRYHYYTWAVLAYTWY,1
CASSANPGDSSNEKLFF,RYPLTFGWCF,B*07:02:01:01,YYSEYRNIYAQTDESNLYLSYDYYTWAERAYEWY,1
CASSLGQGLLYGYTF,KLVALGINAV,A*11:01:01:01,YYAMYQENVAQTDVDTLYIIYRDYTWAAQAYRWY,1
CASSLGQGLLYGYTF,KLVALGINAV,A*02:01:01:01,YFAMYGEKVAHTHVDTLYVRYHYYTWAVLAYTWY,1
CASSDWGDTGQLYF,SMLGIGIVPV,A*11:01:01:01,YYAMYQENVAQTDVDTLYIIYRDYTWAAQAYRWY,1
CASRTRGGTLIEQYF,MMWDRGLGMM,A*01:01:01:01,YFAMYQENMAHTDANTLYIIYRDYTWVARVYRGY,1
CAWSVSVGAGVPTIYF,IPLTEEAEL,A*02:01:01:01,YFAMYGEKVAHTHVDTLYVRYHYYTWAVLAYTWY,1
CASRRGPYEQYF,IPLTEEAEL,B*08:01:01:01,YDSEYRNIFTNTDESNLYLSYNYYTWAVDAYTWY,1
CASRRGSAELYF,VPLTEDAEL,A*02:01:01:01,YFAMYGEKVAHTHVDTLYVRYHYYTWAVLAYTWY,1
CASSLSFGTEAFF,AAGIGILTV,A*24:02:01:01,YSAMYEEKVAHTDENIAYLMFHYYTWAVQAYTGY,1
CASSLSFGTEAFF,ELAGIGILTV,A*02:01:01:01,YFAMYGEKVAHTHVDTLYVRYHYYTWAVLAYTWY,1
CASSQRQEGDTQYF,AAGIGILTV,B*08:01:01:01,YDSEYRNIFTNTDESNLYLSYNYYTWAVDAYTWY,1
CASSGGHTGSNEQFF,AAGIGILTV,A*03:01:01:01,YFAMYQENVAQTDVDTLYIIYRDYTWAELAYTWY,1
CASSFRGGKTQYF,KAPYDYAPI,A*02:01:01:01,YFAMYGEKVAHTHVDTLYVRYHYYTWAVLAYTWY,1
CASRTRGGTLIEQYF,SPSYAYHQF,A*02:01:01:01,YFAMYGEKVAHTHVDTLYVRYHYYTWAVLAYTWY,1
CASRTRGGTLIEQYF,FEDLRVLSF,A*02:01:01:01,YFAMYGEKVAHTHVDTLYVRYHYYTWAVLAYTWY,1
CASSWSFGTEAFF,KQWLVWLFL,B*08:01:01:01,YDSEYRNIFTNTDESNLYLSYNYYTWAVDAYTWY,1
CASSWSFGTEAFF,SLLMWITQV,A*24:02:01:01,YSAMYEEKVAHTDENIAYLMFHYYTWAVQAYTGY,1
CAWSETGLGTGELFF,SLSKILDTV,A*02:01:01:01,YFAMYGEKVAHTHVDTLYVRYHYYTWAVLAYTWY,1
CAWSETGLGMGGWQF,SLLMWITQV,A*02:01:01:01,YFAMYGEKVAHTHVDTLYVRYHYYTWAVLAYTWY,1
CASSDAGGRNTLYF,SLLMWITQV,B*08:01:01:01,YDSEYRNIFTNTDESNLYLSYNYYTWAVDAYTWY,1
CASSDGDYEQYF,SLLMWITQV,B*07:02:01:01,YYSEYRNIYAQTDESNLYLSYDYYTWAERAYEWY,1
CASSMSAMGTEAFF,RMFPNAPYL,A*02:01:01:01,YFAMYGEKVAHTHVDTLYVRYHYYTWAVLAYTWY,1
CASSRTSPTDTQYF,EAAGIGILTV,A*02:01:01:01,YFAMYGEKVAHTHVDTLYVRYHYYTWAVLAYTWY,1
CASSYVGNTGELFF,GVYDGREHTV,A*02:01:01:01,YFAMYGEKVAHTHVDTLYVRYHYYTWAVLAYTWY,1
CASSPLDVSISSYNEQFF,KQWLVWLLL,A*24:02:01:01,YSAMYEEKVAHTDENIAYLMFHYYTWAVQAYTGY,1
CASSSPGGVSTEAFF,KQWLVWLFL,A*02:01:01:01,YFAMYGEKVAHTHVDTLYVRYHYYTWAVLAYTWY,1
CSVGGSGGADTQYF,GADGVGKSA,B*07:02:01:01,YYSEYRNIYAQTDESNLYLSYDYYTWAERAYEWY,1
CASSYLNRDSALDF,GADGVGKSA,A*02:01:01:01,YFAMYGEKVAHTHVDTLYVRYHYYTWAVLAYTWY,1
CASSLGFGRDVMRF,GADGVGKSAL,A*11:01:01:01,YYAMYQENVAQTDVDTLYIIYRDYTWAAQAYRWY,1
CAWSETGLGMGGWQF,LLFGYPVYV,A*24:02:01:01,YSAMYEEKVAHTDENIAYLMFHYYTWAVQAYTGY,1
CASSFLMTSGDPYEQYF,ITDQVPFSV,A*02:01:01:01,YFAMYGEKVAHTHVDTLYVRYHYYTWAVLAYTWY,1
CASSRTSPTDTQYF,IMDQVPFSV,A*03:01:01:01,YFAMYQENVAQTDVDTLYIIYRDYTWAELAYTWY,1
CASSRTSPTDTQYF,IMDQVPFSV,A*02:01:01:01,YFAMYGEKVAHTHVDTLYVRYHYYTWAVLAYTWY,1
CASSLGQTNYGYTF,ITDQVPFSV,A*03:01:01:01,YFAMYQENVAQTDVDTLYIIYRDYTWAELAYTWY,1
CASSLGEGRVDGYTF,ILDQVPFSV,A*02:01:01:01,YFAMYGEKVAHTHVDTLYVRYHYYTWAVLAYTWY,1
CASSDPGTEAFF,RPPIFIRRL,A*02:01:01:01,YFAMYGEKVAHTHVDTLYVRYHYYTWAVLAYTWY,1
CASRPGAAGGRPELYF,HMTEVVRHC,A*02:01:01:01,YFAMYGEKVAHTHVDTLYVRYHYYTWAVLAYTWY,1
CASSITLSSYNEQFF,HMTEVVRHC,A*24:02:01:01,YSAMYEEKVAHTDENIAYLMFHYYTWAVQAYTGY,1
CASSITLSSYNEQFF,HMTEVVRHC,A*02:01:01:01,YFAMYGEKVAHTHVDTLYVRYHYYTWAVLAYTWY,1
CASSMGGTYEQYF,RLPAKAPLL,B*07:02:01:01,YYSEYRNIYAQTDESNLYLSYDYYTWAERAYEWY,1
CASSMGGTYEQYF,RLPAKAPLX,A*03:01:01:01,YFAMYQENVAQTDVDTLYIIYRDYTWAELAYTWY,1
CASSMGGTYEQYF,RLPAKAPLX,B*07:02:01:01,YYSEYRNIYAQTDESNLYLSYDYYTWAERAYEWY,1
CASSQDLFTGGYTF,TPQDLNTML,A*02:01:01:01,YFAMYGEKVAHTHVDTLYVRYHYYTWAVLAYTWY,1
CASSIQQGADTQYF,TPQDLNTML,A*02:01:01:01,YFAMYGEKVAHTHVDTLYVRYHYYTWAVLAYTWY,1
CASSEGLWQVGDEQYF,ASNENMETM,A*02:01:01:01,YFAMYGEKVAHTHVDTLYVRYHYYTWAVLAYTWY,1
CAISELVTGDSPLHF,ASNENMETM,B*07:02:01:01,YYSEYRNIYAQTDESNLYLSYDYYTWAERAYEWY,1
CASSYSIRGSRGEQFF,ALHGGWTTK,A*24:02:01:01,YSAMYEEKVAHTDENIAYLMFHYYTWAVQAYTGY,1
CASSYSIRGSRGEQFF,RLQSLQTYV,A*02:01:01:01,YFAMYGEKVAHTHVDTLYVRYHYYTWAVLAYTWY,1
CASSYSIRGSRGEQFF,YLQPRTFLL,A*02:01:01:01,YFAMYGEKVAHTHVDTLYVRYHYYTWAVLAYTWY,1
CASSYSIRGSRGEQFF,TRLALIAPK,A*03:01:01:01,YFAMYQENVAQTDVDTLYIIYRDYTWAELAYTWY,1
CASSQDLGAGEVYEQYF,LRVMMLAPF,A*02:01:01:01,YFAMYGEKVAHTHVDTLYVRYHYYTWAVLAYTWY,1
CASSLGIDAIYF,GQVMVVAPR,A*02:01:01:01,YFAMYGEKVAHTHVDTLYVRYHYYTWAVLAYTWY,1
CASSLGIDAIYF,LRVMMLAPF,A*03:01:01:01,YFAMYQENVAQTDVDTLYIIYRDYTWAELAYTWY,1
CASSRDLGRDTQYF,TRLALIAPK,A*02:01:01:01,YFAMYGEKVAHTHVDTLYVRYHYYTWAVLAYTWY,1
CASSRGTIHSNTEVFF,TRLALIAPK,A*02:01:01:01,YFAMYGEKVAHTHVDTLYVRYHYYTWAVLAYTWY,1
CASSGLAGGPVSGANVLTF,SSLENFRAYV,A*24:02:01:01,YSAMYEEKVAHTDENIAYLMFHYYTWAVQAYTGY,1
CASSLGGAGGADTQYF,SSLCNFRAYV,A*02:01:01:01,YFAMYGEKVAHTHVDTLYVRYHYYTWAVLAYTWY,1
CASSPDIEQYF,SSLCNFRAYV,A*01:01:01:01,YFAMYQENMAHTDANTLYIIYRDYTWVARVYRGY,1
CASSVGLFSTDTQYF,YLQPRTFLL,B*08:01:01:01,YDSEYRNIFTNTDESNLYLSYNYYTWAVDAYTWY,1
CASSVGLFSTDTQYF,YGFRNVVHI,A*02:01:01:01,YFAMYGEKVAHTHVDTLYVRYHYYTWAVLAYTWY,1
CASSVATYSTDTQYF,RMYSPVSIL,A*02:01:01:01,YFAMYGEKVAHTHVDTLYVRYHYYTWAVLAYTWY,1
CASSVATYSTDTQYF,VMAPRTLIX,A*02:01:01:01,YFAMYGEKVAHTHVDTLYVRYHYYTWAVLAYTWY,1
CASSVATYSTDTQYF,RMYSPVSIX,A*03:01:01:01,YFAMYQENVAQTDVDTLYIIYRDYTWAELAYTWY,1
CASSVGLYSTDTQYF,QLPRLFPLL,A*02:01:01:01,YFAMYGEKVAHTHVDTLYVRYHYYTWAVLAYTWY,1
CASSFGREQYF,QLPRLFPLL,A*01:01:01:01,YFAMYQENMAHTDANTLYIIYRDYTWVARVYRGY,1
CASSFGREQYF,LWMRLLPLL,A*02:01:01:01,YFAMYGEKVAHTHVDTLYVRYHYYTWAVLAYTWY,1
CASSFGREQYF,VVVGAGGVGK,A*02:01:01:01,YFAMYGEKVAHTHVDTLYVRYHYYTWAVLAYTWY,1
CAGQVTNTGELFF,VVVGADGVGK,A*02:01:01:01,YFAMYGEKVAHTHVDTLYVRYHYYTWAVLAYTWY,1
CASSQEPGGYAEQFF,VVVGADGVGK,A*02:01:01:01,YFAMYGEKVAHTHVDTLYVRYHYYTWAVLAYTWY,1
CASSLGREYGYTF,GLYDGMEHL,A*02:01:01:01,YFAMYGEKVAHTHVDTLYVRYHYYTWAVLAYTWY,1
CASSQDRDTQYF,YLQPRTFLL,A*02:01:01:01,YFAMYGEKVAHTHVDTLYVRYHYYTWAVLAYTWY,1
CASSLGREYGYTF,GLYDGMEHL,A*03:01:01:01,YFAMYQENVAQTDVDTLYIIYRDYTWAELAYTWY,1
CASSLHHEQYF,YLEPGPVTV,B*07:02:01:01,YYSEYRNIYAQTDESNLYLSYDYYTWAERAYEWY,1
CASSLHHEQYF,NLSALGIFST,A*02:01:01:01,YFAMYGEKVAHTHVDTLYVRYHYYTWAVLAYTWY,1
CASSLHHEQYF,LLLGIGILVL,A*03:01:01:01,YFAMYQENVAQTDVDTLYIIYRDYTWAELAYTWY,1
CASKVGPGQHNSPLHF,EAAGIGILTV,A*24:02:01:01,YSAMYEEKVAHTDENIAYLMFHYYTWAVQAYTGY,1
CASKVGPGQHNSPLHF,GLYDGMEHL,A*24:02:01:01,YSAMYEEKVAHTDENIAYLMFHYYTWAVQAYTGY,1
CASSYGPGQHNSPLHF,QASQEVKNW,A*02:01:01:01,YFAMYGEKVAHTHVDTLYVRYHYYTWAVLAYTWY,1
CASSFTDTQYF,YMDGTMSQV,A*02:01:01:01,YFAMYGEKVAHTHVDTLYVRYHYYTWAVLAYTWY,1
CASSSANSGELFF,HMTEVVRHC,B*08:01:01:01,YDSEYRNIFTNTDESNLYLSYNYYTWAVDAYTWY,1
CASSFTDTQYF,ALHGGWTTK,A*24:02:01:01,YSAMYEEKVAHTDENIAYLMFHYYTWAVQAYTGY,1
CASSWGAPYEQYF,YLQPRTFLL,A*02:01:01:01,YFAMYGEKVAHTHVDTLYVRYHYYTWAVLAYTWY,1
CAWSETGLGTGELFF,GADGVGKSL,B*08:01:01:01,YDSEYRNIFTNTDESNLYLSYNYYTWAVDAYTWY,1
CAWSETGLGTGELFF,LRVMMLAPF,A*02:01:01:01,YFAMYGEKVAHTHVDTLYVRYHYYTWAVLAYTWY,1
CASSYSFTEATYEQYF,HPGSVNEFDF,A*02:01:01:01,YFAMYGEKVAHTHVDTLYVRYHYYTWAVLAYTWY,1
CASSFATEAFF,LLLDRLNQL,A*02:01:01:01,YFAMYGEKVAHTHVDTLYVRYHYYTWAVLAYTWY,1
CASSYGTGINYGYTF,RLQSLQTYV,A*02:01:01:01,YFAMYGEKVAHTHVDTLYVRYHYYTWAVLAYTWY,1
CASSLDPGDTGELFF,RLQSLQIYV,A*02:01:01:01,YFAMYGEKVAHTHVDTLYVRYHYYTWAVLAYTWY,1
CASSLVAETYEQYF,RYPLTFGW,A*02:01:01:01,YFAMYGEKVAHTHVDTLYVRYHYYTWAVLAYTWY,1
CASSPDIEQYF,RFPLTFGW,B*07:02:01:01,YYSEYRNIYAQTDESNLYLSYDYYTWAERAYEWY,1
CASSLGEGRVDGYTF,RYPLTFGW,A*02:01:01:01,YFAMYGEKVAHTHVDTLYVRYHYYTWAVLAYTWY,1
CASSVGTYSTDTQYF,VVGAVGVGK,A*02:01:01:01,YFAMYGEKVAHTHVDTLYVRYHYYTWAVLAYTWY,1
CTCSAGRGGYAEQFF,VVGAVGVGK,A*02:01:01:01,YFAMYGEKVAHTHVDTLYVRYHYYTWAVLAYTWY,1
CASSLDLGADEQFF,VRSRRXLRL,A*24:02:01:01,YSAMYEEKVAHTDENIAYLMFHYYTWAVQAYTGY,1
CASTWGRASTDTQYF,LLFGYPVYV,A*02:01:01:01,YFAMYGEKVAHTHVDTLYVRYHYYTWAVLAYTWY,1
CASTWGRASTDTQYF,INFDFNTI,A*03:01:01:01,YFAMYQENVAQTDVDTLYIIYRDYTWAELAYTWY,1
CASSDRDRVPETQYF,SIYRYYGL,A*01:01:01:01,YFAMYQENMAHTDANTLYIIYRDYTWVARVYRGY,1
CASSDRDRVPETQYF,KVITFIDL,B*08:01:01:01,YDSEYRNIFTNTDESNLYLSYNYYTWAVDAYTWY,1
CASSLRDRVPETQYF,ALWGFFPVL,A*02:01:01:01,YFAMYGEKVAHTHVDTLYVRYHYYTWAVLAYTWY,1
CASGDTGGYEQYF,FLRGRAYGL,A*24:02:01:01,YSAMYEEKVAHTDENIAYLMFHYYTWAVQAYTGY,1
CASSLEGTVEETLYF,EQYKFYSV,A*03:01:01:01,YFAMYQENVAQTDVDTLYIIYRDYTWAELAYTWY,1
CASSYSEGEDEAFF,RGYVYQGL,A*02:01:01:01,YFAMYGEKVAHTHVDTLYVRYHYYTWAVLAYTWY,1
CASRPGLAGGRPEQYF,GILGFVFTL,A*02:01:01:01,YFAMYGEKVAHTHVDTLYVRYHYYTWAVLAYTWY,0