CDR3b,epitope,HLA,MHC,binder,,,,,PDB ID
CASRPGLAGGRPEQYF,LLFGYPVYV,B*07:02:01:01,YYSEYRNIYAQTDESNLYLSYDYYTWAERAYEWY,1,,,,,1AO7
CASSYPGGGFYEQYF,LLFGYPVYV,B*35:01:01:01,YYATYRNIFTNTYESNLYIRYDSYTWAVLAYLWY,1,,,,,1BD2
CTCSADRVGNTLYF,INFDFNTI,A*02:01:01:01,YFAMYGEKVAHTHVDTLYVRYHYYTWAVLAYTWY,1,,,,,1FO0
CASGGGGTLYF,SIYRYYGL,A*02:01:01:01,YFAMYGEKVAHTHVDTLYVRYHYYTWAVLAYTWY,1,,,,,1G6R
CTCSAAPDWGASAETLYF,KVITFIDL,B*08:01:01:01,YDSEYRNIFTNTDESNLYLSYNYYTWAVDAYTWY,1,,,,,1KJ2
CASSDWVSYEQYF,ALWGFFPVL,A*01:01:01:01,YFAMYQENMAHTDANTLYIIYRDYTWVARVYRGY,1,,,,,1LP9
CASSLGQAYEQYF,FLRGRAYGL,B*35:01:01:01,YYATYRNIFTNTYESNLYIRYDSYTWAVLAYLWY,1,,,,,1MI5
CASGGGGTLYF,EQYKFYSV,B*57:01:01:01,YYAMYGENMASTYENIAYIVYDSYTWAVLAYLWY,1,,,,,1MWA
CTCSADRVGNTLYF,RGYVYQGL,A*02:01:01:01,YFAMYGEKVAHTHVDTLYVRYHYYTWAVLAYTWY,1,,,,,1NAM
CASSSRSSYEQYF,GILGFVFTL,A*24:02:01:01,YSAMYEEKVAHTDENIAYLMFHYYTWAVQAYTGY,1,,,,,1OGA
CASRPGLAGGRPEQYF,LLFGYAVYV,B*08:01:01:01,YDSEYRNIFTNTDESNLYLSYNYYTWAVDAYTWY,1,,,,,1QRN
CASRPGLAGGRPEQYF,LLFGYPRYV,A*02:01:01:01,YFAMYGEKVAHTHVDTLYVRYHYYTWAVLAYTWY,1,,,,,1QSE
CASRPGLAGGRPEQYF,LLFGYPVAV,A*01:01:01:01,YFAMYQENMAHTDANTLYIIYRDYTWVARVYRGY,1,,,,,1QSF
CASPGLAGEYEQYF,SLLMWITQV,B*35:01:01:01,YYATYRNIFTNTYESNLYIRYDSYTWAVLAYLWY,1,,,,,2AK4
CASSYVGNTGELFF,SLLMWITQC,A*24:02:01:01,YSAMYEEKVAHTDENIAYLMFHYYTWAVQAYTGY,1,,,,,2BNQ
CASSYVGNTGELFF,EQYKFYSV,A*02:01:01:01,YFAMYGEKVAHTHVDTLYVRYHYYTWAVLAYTWY,1,,,,,2BNR
CASGGGGTLYF,QLSPFPFDL,A*02:01:01:01,YFAMYGEKVAHTHVDTLYVRYHYYTWAVLAYTWY,1,,,,,2CKB
CASGGGGTLYF,VMAPRTLIL,B*08:01:01:01,YDSEYRNIFTNTDESNLYLSYNYYTWAVDAYTWY,1,,,,,2E7L
CASSQDRDTQYF,SLLMWITQC,A*02:01:01:01,YFAMYGEKVAHTHVDTLYVRYHYYTWAVLAYTWY,1,,,,,2ESV
CASSYVGNTGELFF,SLLMWITQC,B*35:01:01:01,YYATYRNIFTNTYESNLYIRYDSYTWAVLAYLWY,1,,,,,2F53
CASSYVGNTGELFF,LLFGKPVYV,A*02:01:01:01,YFAMYGEKVAHTHVDTLYVRYHYYTWAVLAYTWY,1,,,,,2F54
CASRPGLAGGRPEQYF,ALWGFFPVL,A*24:02:01:01,YSAMYEEKVAHTDENIAYLMFHYYTWAVQAYTGY,1,,,,,2GJ6
CASSDWVSYEQYF,ALWGFFPVL,A*02:01:01:01,YFAMYGEKVAHTHVDTLYVRYHYYTWAVLAYTWY,1,,,,,2J8U
CASSDWVSYEQYF,EPLPQGQLTAY,A*02:01:01:01,YFAMYGEKVAHTHVDTLYVRYHYYTWAVLAYTWY,1,,,,,2JCC
CATGTGDSNQPQHF,QLSPFPFDL,A*02:01:01:01,YFAMYGEKVAHTHVDTLYVRYHYYTWAVLAYTWY,1,,,,,2NX5
CASGGGGTLYF,SQYYYNSL,A*01:01:01:01,YFAMYQENMAHTDANTLYIIYRDYTWVARVYRGY,1,,,,,2OI9
CTCSADRVGNTLYF,SLLMWITQC,A*02:01:01:01,YFAMYGEKVAHTHVDTLYVRYHYYTWAVLAYTWY,1,,,,,2OL3
CASSYLGNTGELFF,SLLMWITQC,A*02:01:01:01,YFAMYGEKVAHTHVDTLYVRYHYYTWAVLAYTWY,1,,,,,2P5E
CASSYLGNTGELFF,SLLMWITQC,A*02:01:01:01,YFAMYGEKVAHTHVDTLYVRYHYYTWAVLAYTWY,1,,,,,2P5W
CASSYLGNTGELFF,ALWGFFPVL,A*02:01:01:01,YFAMYGEKVAHTHVDTLYVRYHYYTWAVLAYTWY,1,,,,,2PYE
CASSDWVSYEQYF,GILGFVFTL,A*02:01:01:01,YFAMYGEKVAHTHVDTLYVRYHYYTWAVLAYTWY,1,,,,,2UWE
CASSSRSSYEQYF,GILGFVFTL,A*01:01:01:01,YFAMYQENMAHTDANTLYIIYRDYTWVARVYRGY,1,,,,,2VLJ
CASSSRSSYEQYF,GILGFVFTL,A*11:01:01:01,YYAMYQENVAQTDVDTLYIIYRDYTWAAQAYRWY,1,,,,,2VLK
CASSSRASYEQYF,KAFSPEVIPMF,A*02:01:01:01,YFAMYGEKVAHTHVDTLYVRYHYYTWAVLAYTWY,1,,,,,2VLR
CASTGSYGYTF,LLFGFPVYV,A*02:01:01:01,YFAMYGEKVAHTHVDTLYVRYHYYTWAVLAYTWY,1,,,,,2YPL
CASRPGLAGGRPEQYF,LLFGFPVYV,A*02:01:01:01,YFAMYGEKVAHTHVDTLYVRYHYYTWAVLAYTWY,1,,,,,3D39
CASRPGLAGGRPEQYF,EENLLDFVRF,A*02:01:01:01,YFAMYGEKVAHTHVDTLYVRYHYYTWAVLAYTWY,1,,,,,3D3V
CASRYRDDSYNEQFF,QLSPFPFDL,A*02:01:01:01,YFAMYGEKVAHTHVDTLYVRYHYYTWAVLAYTWY,1,,,,,3DXA
CASGGGGTLYF,QLSPFPFDL,A*02:01:01:01,YFAMYGEKVAHTHVDTLYVRYHYYTWAVLAYTWY,1,,,,,3E2H
CASGGGGTLYF,FLRGRAYGL,A*02:01:01:01,YFAMYGEKVAHTHVDTLYVRYHYYTWAVLAYTWY,1,,,,,3E3Q
CASSFTWTSGGATDTQYF,NLVPMVATV,A*02:01:01:01,YFAMYGEKVAHTHVDTLYVRYHYYTWAVLAYTWY,1,,,,,3FFC
CASSPVTGGIYGYTF,MLWGYLQYV,A*02:01:01:01,YFAMYGEKVAHTHVDTLYVRYHYYTWAVLAYTWY,1,,,,,3GSN
CASRPGLAGGRPEQYF,ELAGIGILTV,A*02:01:01:01,YFAMYGEKVAHTHVDTLYVRYHYYTWAVLAYTWY,1,,,,,3H9S
CAWSETGLGTGELFF,EEYLKAWTF,A*02:01:01:01,YFAMYGEKVAHTHVDTLYVRYHYYTWAVLAYTWY,1,,,,,3HG1
CASSLGQAYEQYF,EEYLQAFTY,B*35:01:01:01,YYATYRNIFTNTYESNLYIRYDSYTWAVLAYLWY,1,,,,,3KPR
CASSLGQAYEQYF,HPVGEADYFEY,A*03:01:01:01,YFAMYQENVAQTDVDTLYIIYRDYTWAELAYTWY,1,,,,,3KPS
CASPGLAGEYEQYF,HPVGEADYFEY,B*08:01:01:01,YDSEYRNIFTNTDESNLYLSYNYYTWAVDAYTWY,1,,,,,3KXF
CASSARSGELFF,HPVGEADYFEY,A*02:01:01:01,YFAMYGEKVAHTHVDTLYVRYHYYTWAVLAYTWY,1,,,,,3MV7
CASSARSGELFF,GLCTLVAML,A*24:02:01:01,YSAMYEEKVAHTDENIAYLMFHYYTWAVQAYTGY,1,,,,,3MV8
CASSARSGELFF,SSLENFRAYV,A*02:01:01:01,YFAMYGEKVAHTHVDTLYVRYHYYTWAVLAYTWY,1,,,,,3MV9
CSARDGTGNGYTF,LGYGFVNYI,A*01:01:01:01,YFAMYQENMAHTDANTLYIIYRDYTWVARVYRGY,1,,,,,3O4L
CASSFGREQYF,ELAGIGILTV,A*02:01:01:01,YFAMYGEKVAHTHVDTLYVRYHYYTWAVLAYTWY,1,,,,,3PQY
CASRPGLAGGRPEQYF,AAGIGILTV,A*02:01:01:01,YFAMYGEKVAHTHVDTLYVRYHYYTWAVLAYTWY,1,,,,,3PWP
CASSLSFGTEAFF,ELAGIGILTV,A*24:02:01:01,YSAMYEEKVAHTDENIAYLMFHYYTWAVQAYTGY,1,,,,,3QDG
CASSLSFGTEAFF,AAGIGILTV,A*02:01:01:01,YFAMYGEKVAHTHVDTLYVRYHYYTWAVLAYTWY,1,,,,,3QDJ
CAISEVGVGQPQHF,LLFGFPVYV,A*02:01:01:01,YFAMYGEKVAHTHVDTLYVRYHYYTWAVLAYTWY,1,,,,,3QDM
CAISEVGVGQPQHF,FLRGRAYGL,B*07:02:01:01,YYSEYRNIYAQTDESNLYLSYDYYTWAERAYEWY,1,,,,,3QEQ
CASRPGLAGGRPEQYF,QLSDVPMDL,B*07:02:01:01,YYSEYRNIYAQTDESNLYLSYDYYTWAERAYEWY,1,,,,,3QFJ
CASGDFWGDTLYF,SPLDSLWWI,A*24:02:01:01,YSAMYEEKVAHTDENIAYLMFHYYTWAVQAYTGY,1,,,,,3RGV
CASGQGNFDIQYF,FLSPFWFDI,A*02:01:01:01,YFAMYGEKVAHTHVDTLYVRYHYYTWAVLAYTWY,1,,,,,3SJV
CASSDAPGQLYF,ALWGPDPAAA,B*07:02:01:01,YYSEYRNIYAQTDESNLYLSYDYYTWAERAYEWY,1,,,,,3TFK
CASSDAPGQLYF,ALWGPDPAAA,A*02:01:01:01,YFAMYGEKVAHTHVDTLYVRYHYYTWAVLAYTWY,1,,,,,3TJH
CASSDAPGQLYF,RFPLTFGWCF,B*07:02:01:01,YYSEYRNIYAQTDESNLYLSYDYYTWAERAYEWY,1,,,,,3TPU
CASSLWEKLAKNIQYF,RYPLTFGWCF,B*08:01:01:01,YDSEYRNIFTNTDESNLYLSYNYYTWAVDAYTWY,1,,,,,3UTS
CASSLWEKLAKNIQYF,RYPLTLGWCF,A*02:01:01:01,YFAMYGEKVAHTHVDTLYVRYHYYTWAVLAYTWY,1,,,,,3UTT
CASSPTSGIYEQYF,RFPLTFGWCF,A*02:01:01:01,YFAMYGEKVAHTHVDTLYVRYHYYTWAVLAYTWY,1,,,,,3VXM
CASSSWDTGELFF,RFPLTFGWCF,A*02:01:01:01,YFAMYGEKVAHTHVDTLYVRYHYYTWAVLAYTWY,1,,,,,3VXR
CASSSWDTGELFF,ALGIGILTV,A*02:01:01:01,YFAMYGEKVAHTHVDTLYVRYHYYTWAVLAYTWY,1,,,,,3VXS
CASSGASHEQYF,LLFGYPVYV,A*02:01:01:01,YFAMYGEKVAHTHVDTLYVRYHYYTWAVLAYTWY,1,,,,,3VXU
CASSGASHEQYF,KRWIILGLNK,A*02:01:01:01,YFAMYGEKVAHTHVDTLYVRYHYYTWAVLAYTWY,1,,,,,3W0W
CASSFLGTGVEQYF,KRWIIMGLNK,A*11:01:01:01,YYAMYQENVAQTDVDTLYIIYRDYTWAAQAYRWY,1,,,,,4EUP
CASRPGLMSAQPEQYF,ELAAIGILTV,A*02:01:01:01,YFAMYGEKVAHTHVDTLYVRYHYYTWAVLAYTWY,1,,,,,4FTV
CASREGLGGTEAFF,ELAGIGALTV,A*11:01:01:01,YYAMYQENVAQTDVDTLYIIYRDYTWAAQAYRWY,1,,,,,4G8G
CASREGLGGTEAFF,ELAGIGILTV,B*08:01:01:01,YDSEYRNIFTNTDESNLYLSYNYYTWAVDAYTWY,1,,,,,4G9F
CAWSETGLGMGGWQF,ELAGIGILTV,A*02:01:01:01,YFAMYGEKVAHTHVDTLYVRYHYYTWAVLAYTWY,1,,,,,4JFD
CAWSETGLGMGGWQF,TAFTIPSI,B*08:01:01:01,YDSEYRNIFTNTDESNLYLSYNYYTWAVDAYTWY,1,,,,,4JFE
CAWSETGLGMGGWQF,ILAKFLHWL,B*08:01:01:01,YDSEYRNIFTNTDESNLYLSYNYYTWAVDAYTWY,1,,,,,4JFF
CASPGETEAFF,SPAEAGFFL,B*08:01:01:01,YDSEYRNIFTNTDESNLYLSYNYYTWAVDAYTWY,1,,,,,4JRX
CASSRTGSTYEQYF,QPAEGGFQL,A*02:01:01:01,YFAMYGEKVAHTHVDTLYVRYHYYTWAVLAYTWY,1,,,,,4JRY
CASSWSFGTEAFF,SPAPRPLDL,A*02:01:01:01,YFAMYGEKVAHTHVDTLYVRYHYYTWAVLAYTWY,1,,,,,4L3E
CASSLTGGGELFF,MPAGRPWDL,A*03:01:01:01,YFAMYQENVAQTDVDTLYIIYRDYTWAELAYTWY,1,,,,,4MJI
CASSYQGTEAFF,VPYMAEFGM,A*03:01:01:01,YFAMYQENVAQTDVDTLYIIYRDYTWAELAYTWY,1,,,,,4MNQ
CASSDAPGQLYF,GGAPWNPAMMI,A*02:01:01:01,YFAMYGEKVAHTHVDTLYVRYHYYTWAVLAYTWY,1,,,,,4MS8
CASSDAPGQLYF,HPVGDADYFEY,B*08:01:01:01,YDSEYRNIFTNTDESNLYLSYNYYTWAVDAYTWY,1,,,,,4MVB
CASSDAPGQLYF,HPVGEADYFEY,A*02:01:01:01,YFAMYGEKVAHTHVDTLYVRYHYYTWAVLAYTWY,1,,,,,4MXQ
CASSDAPGQLYF,HPVGQADYFEY,A*24:02:01:01,YSAMYEEKVAHTDENIAYLMFHYYTWAVQAYTGY,1,,,,,4N0C
CASSDAPGQLYF,EAAGIGILTV,A*02:01:01:01,YFAMYGEKVAHTHVDTLYVRYHYYTWAVLAYTWY,1,,,,,4N5E
CASGGGGTLYF,HSKKKCDEL,A*02:01:01:01,YFAMYGEKVAHTHVDTLYVRYHYYTWAVLAYTWY,1,,,,,4NHU
CASSARSGELFF,IPSINVHHY,A*02:01:01:01,YFAMYGEKVAHTHVDTLYVRYHYYTWAVLAYTWY,1,,,,,4PRH
CASSARSGELFF,EVDPIGHLY,A*02:01:01:01,YFAMYGEKVAHTHVDTLYVRYHYYTWAVLAYTWY,1,,,,,4PRI
CASSARSGELFF,ESDPIVAQY,A*02:01:01:01,YFAMYGEKVAHTHVDTLYVRYHYYTWAVLAYTWY,1,,,,,4PRP
CAWSETGLGTGELFF,YQFGPDFPIA,A*02:01:01:01,YFAMYGEKVAHTHVDTLYVRYHYYTWAVLAYTWY,1,,,,,4QOK
CASSLRGRGDQPQHF,RQWGPDPAAV,A*02:01:01:01,YFAMYGEKVAHTHVDTLYVRYHYYTWAVLAYTWY,1,,,,,4QRP
CASSLEGGYYNEQFF,YLGGPDFPTI,A*01:01:01:01,YFAMYQENMAHTDANTLYIIYRDYTWVARVYRGY,1,,,,,4QRR
CASSFNMATGQYF,MVWGPDPLYV,A*24:02:01:01,YSAMYEEKVAHTDENIAYLMFHYYTWAVQAYTGY,1,,,,,5BRZ
CASSFNMATGQYF,RQFGPDFPTI,B*07:02:01:01,YYSEYRNIYAQTDESNLYLSYDYYTWAERAYEWY,1,,,,,5BS0
CASSLWEKLAKNIQYF,RQFGPDWIVA,A*02:01:01:01,YFAMYGEKVAHTHVDTLYVRYHYYTWAVLAYTWY,1,,,,,5C07
CASSLWEKLAKNIQYF,NLVPMVATV,B*07:02:01:01,YYSEYRNIYAQTDESNLYLSYDYYTWAERAYEWY,1,,,,,5C08
CASSLWEKLAKNIQYF,NLVPMVATV,B*08:01:01:01,YDSEYRNIFTNTDESNLYLSYNYYTWAVDAYTWY,1,,,,,5C09
CASSLWEKLAKNIQYF,GILGFVFTL,A*24:02:01:01,YSAMYEEKVAHTDENIAYLMFHYYTWAVQAYTGY,1,,,,,5C0A
CASSLWEKLAKNIQYF,ELAGIGILTV,A*01:01:01:01,YFAMYQENMAHTDANTLYIIYRDYTWVARVYRGY,1,,,,,5C0B
CASSLWEKLAKNIQYF,YLEPGPVTV,A*02:01:01:01,YFAMYGEKVAHTHVDTLYVRYHYYTWAVLAYTWY,1,,,,,5C0C
CASSQTQLWETQYF,GILGFVFTL,A*02:01:01:01,YFAMYGEKVAHTHVDTLYVRYHYYTWAVLAYTWY,1,,,,,5D2L
CASSLAPGTTNEKLFF,GILGLVFTL,A*02:01:01:01,YFAMYGEKVAHTHVDTLYVRYHYYTWAVLAYTWY,1,,,,,5D2N
CASSLIYPGELFF,GILEFVFTL,A*02:01:01:01,YFAMYGEKVAHTHVDTLYVRYHYYTWAVLAYTWY,1,,,,,5E6I
CASRPGWMAGGVELYF,AQWGPDPAAA,B*08:01:01:01,YDSEYRNIFTNTDESNLYLSYNYYTWAVDAYTWY,1,,,,,5E9D
CASSFIGGTDTQYF,GILGFVFTL,A*24:02:01:01,YSAMYEEKVAHTDENIAYLMFHYYTWAVQAYTGY,1,,,,,5EU6
CASSIRSSYEQYF,RGPGRAFVTI,A*02:01:01:01,YFAMYGEKVAHTHVDTLYVRYHYYTWAVLAYTWY,1,,,,,5EUO
CASSSRSSYEQYF,GILGFVFTL,A*03:01:01:01,YFAMYQENVAQTDVDTLYIIYRDYTWAELAYTWY,1,,,,,5HHM
CASSIRSSYEQYF,KLVALGINAV,A*02:01:01:01,YFAMYGEKVAHTHVDTLYVRYHYYTWAVLAYTWY,1,,,,,5HHO
CASSLWEKLAKNIQYF,KAVANFATM,B*07:02:01:01,YYSEYRNIYAQTDESNLYLSYDYYTWAERAYEWY,1,,,,,5HYJ
CASSIFGQREQYF,KAPANFATM,B*07:02:01:01,YYSEYRNIYAQTDESNLYLSYDYYTWAERAYEWY,1,,,,,5ISZ
CASSLGHTEVFF,KAPFNFATM,A*02:01:01:01,YFAMYGEKVAHTHVDTLYVRYHYYTWAVLAYTWY,1,,,,,5IVX
CASSIGVYGYTF,ILAKFLHWL,B*08:01:01:01,YDSEYRNIFTNTDESNLYLSYNYYTWAVDAYTWY,1,,,,,5JHD
CASRRGPYEQYF,ELAGIGILTV,A*03:01:01:01,YFAMYQENVAQTDVDTLYIIYRDYTWAELAYTWY,1,,,,,5JZI
CASSDAGGRNTLYF,SLYNTVATL,A*02:01:01:01,YFAMYGEKVAHTHVDTLYVRYHYYTWAVLAYTWY,1,,,,,5M00
CASSDAGGRNTLYF,SLYNTIATL,A*02:01:01:01,YFAMYGEKVAHTHVDTLYVRYHYYTWAVLAYTWY,1,,,,,5M01
CASSDAGGRNTLYF,SLFNTIAVL,A*02:01:01:01,YFAMYGEKVAHTHVDTLYVRYHYYTWAVLAYTWY,1,,,,,5M02
CASSYQGTEAFF,ELAGIGILTV,B*35:01:01:01,YYATYRNIFTNTYESNLYIRYDSYTWAVLAYLWY,1,,,,,5MEN
CASSQGLAGAGELFF,ASNENMETM,A*24:02:01:01,YSAMYEEKVAHTDENIAYLMFHYYTWAVQAYTGY,1,,,,,5NHT
CASSDTVSYEQYF,ASNENMETM,A*03:01:01:01,YFAMYQENVAQTDVDTLYIIYRDYTWAELAYTWY,1,,,,,5NME
CASSDTVSYEQYF,GILGFVFTL,B*07:02:01:01,YYSEYRNIYAQTDESNLYLSYDYYTWAERAYEWY,1,,,,,5NMF
CASSDTVSYEQYF,KAPYNFATM,B*08:01:01:01,YDSEYRNIFTNTDESNLYLSYNYYTWAVDAYTWY,1,,,,,5NMG
CASSQGLAGAGELFF,KAVYNFATM,A*24:02:01:01,YSAMYEEKVAHTDENIAYLMFHYYTWAVQAYTGY,1,,,,,5NQK
CASSAGLDAEQYF,VMAPRTLIL,A*02:01:01:01,YFAMYGEKVAHTHVDTLYVRYHYYTWAVLAYTWY,1,,,,,5SWS
CASSRDLGRDTQYF,VMAPRTLVL,A*03:01:01:01,YFAMYQENVAQTDVDTLYIIYRDYTWAELAYTWY,1,,,,,5SWZ
CASSLLGGWSEAFF,GTSGSPIVNR,A*02:01:01:01,YFAMYGEKVAHTHVDTLYVRYHYYTWAVLAYTWY,1,,,,,5TEZ
CASSDAGGRNTLYF,GTSGSPIINR,A*02:01:01:01,YFAMYGEKVAHTHVDTLYVRYHYYTWAVLAYTWY,1,,,,,5TIL
CASSDAGGRNTLYF,SQLLNAKYL,A*02:01:01:01,YFAMYGEKVAHTHVDTLYVRYHYYTWAVLAYTWY,1,,,,,5TJE
CASSANPGDSSNEKLFF,IPLTEEAEL,A*02:01:01:01,YFAMYGEKVAHTHVDTLYVRYHYYTWAVLAYTWY,1,,,,,5W1V
CASSANPGDSSNEKLFF,RYPLTFGWCF,B*07:02:01:01,YYSEYRNIYAQTDESNLYLSYDYYTWAERAYEWY,1,,,,,5W1W
CASSLGQGLLYGYTF,KLVALGINAV,A*11:01:01:01,YYAMYQENVAQTDVDTLYIIYRDYTWAAQAYRWY,1,,,,,5WKF
CASSLGQGLLYGYTF,KLVALGINAV,A*02:01:01:01,YFAMYGEKVAHTHVDTLYVRYHYYTWAVLAYTWY,1,,,,,5WKH
CASSDWGDTGQLYF,SMLGIGIVPV,A*11:01:01:01,YYAMYQENVAQTDVDTLYIIYRDYTWAAQAYRWY,1,,,,,5WLG
CASRTRGGTLIEQYF,MMWDRGLGMM,A*01:01:01:01,YFAMYQENMAHTDANTLYIIYRDYTWVARVYRGY,1,,,,,5XOT
CAWSVSVGAGVPTIYF,IPLTEEAEL,A*02:01:01:01,YFAMYGEKVAHTHVDTLYVRYHYYTWAVLAYTWY,1,,,,,5XOV
CASRRGPYEQYF,IPLTEEAEL,B*08:01:01:01,YDSEYRNIFTNTDESNLYLSYNYYTWAVDAYTWY,1,,,,,5YXN
CASRRGSAELYF,VPLTEDAEL,A*02:01:01:01,YFAMYGEKVAHTHVDTLYVRYHYYTWAVLAYTWY,1,,,,,5YXU
CASSLSFGTEAFF,AAGIGILTV,A*24:02:01:01,YSAMYEEKVAHTDENIAYLMFHYYTWAVQAYTGY,1,,,,,6AM5
CASSLSFGTEAFF,ELAGIGILTV,A*02:01:01:01,YFAMYGEKVAHTHVDTLYVRYHYYTWAVLAYTWY,1,,,,,6AMU
CASSQRQEGDTQYF,AAGIGILTV,B*08:01:01:01,YDSEYRNIFTNTDESNLYLSYNYYTWAVDAYTWY,1,,,,,6AVF
CASSGGHTGSNEQFF,AAGIGILTV,A*03:01:01:01,YFAMYQENVAQTDVDTLYIIYRDYTWAELAYTWY,1,,,,,6AVG
CASSFRGGKTQYF,KAPYDYAPI,A*02:01:01:01,YFAMYGEKVAHTHVDTLYVRYHYYTWAVLAYTWY,1,,,,,6BJ2
CASRTRGGTLIEQYF,SPSYAYHQF,A*02:01:01:01,YFAMYGEKVAHTHVDTLYVRYHYYTWAVLAYTWY,1,,,,,6BJ3
CASRTRGGTLIEQYF,FEDLRVLSF,A*02:01:01:01,YFAMYGEKVAHTHVDTLYVRYHYYTWAVLAYTWY,1,,,,,6BJ8
CASSWSFGTEAFF,KQWLVWLFL,B*08:01:01:01,YDSEYRNIFTNTDESNLYLSYNYYTWAVDAYTWY,1,,,,,6D78
CASSWSFGTEAFF,SLLMWITQV,A*24:02:01:01,YSAMYEEKVAHTDENIAYLMFHYYTWAVQAYTGY,1,,,,,6DKP
CAWSETGLGTGELFF,SLSKILDTV,A*02:01:01:01,YFAMYGEKVAHTHVDTLYVRYHYYTWAVLAYTWY,1,,,,,6EQA
CAWSETGLGMGGWQF,SLLMWITQV,A*02:01:01:01,YFAMYGEKVAHTHVDTLYVRYHYYTWAVLAYTWY,1,,,,,6EQB
CASSDAGGRNTLYF,SLLMWITQV,B*08:01:01:01,YDSEYRNIFTNTDESNLYLSYNYYTWAVDAYTWY,1,,,,,6G9Q
CASSDGDYEQYF,SLLMWITQV,B*07:02:01:01,YYSEYRNIYAQTDESNLYLSYDYYTWAERAYEWY,1,,,,,6L9L
CASSMSAMGTEAFF,RMFPNAPYL,A*02:01:01:01,YFAMYGEKVAHTHVDTLYVRYHYYTWAVLAYTWY,1,,,,,6MTM
CASSRTSPTDTQYF,EAAGIGILTV,A*02:01:01:01,YFAMYGEKVAHTHVDTLYVRYHYYTWAVLAYTWY,1,,,,,6P64
CASSYVGNTGELFF,GVYDGREHTV,A*02:01:01:01,YFAMYGEKVAHTHVDTLYVRYHYYTWAVLAYTWY,1,,,,,6Q3S
CASSPLDVSISSYNEQFF,KQWLVWLLL,A*24:02:01:01,YSAMYEEKVAHTDENIAYLMFHYYTWAVQAYTGY,1,,,,,6R2L
CASSSPGGVSTEAFF,KQWLVWLFL,A*02:01:01:01,YFAMYGEKVAHTHVDTLYVRYHYYTWAVLAYTWY,1,,,,,6RP9
CSVGGSGGADTQYF,GADGVGKSA,B*07:02:01:01,YYSEYRNIYAQTDESNLYLSYDYYTWAERAYEWY,1,,,,,6RPA
CASSYLNRDSALDF,GADGVGKSA,A*02:01:01:01,YFAMYGEKVAHTHVDTLYVRYHYYTWAVLAYTWY,1,,,,,6RPB
CASSLGFGRDVMRF,GADGVGKSAL,A*11:01:01:01,YYAMYQENVAQTDVDTLYIIYRDYTWAAQAYRWY,1,,,,,6RSY
CAWSETGLGMGGWQF,LLFGYPVYV,A*24:02:01:01,YSAMYEEKVAHTDENIAYLMFHYYTWAVQAYTGY,1,,,,,6TMO
CASSFLMTSGDPYEQYF,ITDQVPFSV,A*02:01:01:01,YFAMYGEKVAHTHVDTLYVRYHYYTWAVLAYTWY,1,,,,,6TRO
CASSRTSPTDTQYF,IMDQVPFSV,A*03:01:01:01,YFAMYQENVAQTDVDTLYIIYRDYTWAELAYTWY,1,,,,,6UK2
CASSRTSPTDTQYF,IMDQVPFSV,A*02:01:01:01,YFAMYGEKVAHTHVDTLYVRYHYYTWAVLAYTWY,1,,,,,6UK4
CASSLGQTNYGYTF,ITDQVPFSV,A*03:01:01:01,YFAMYQENVAQTDVDTLYIIYRDYTWAELAYTWY,1,,,,,6ULN
CASSLGEGRVDGYTF,ILDQVPFSV,A*02:01:01:01,YFAMYGEKVAHTHVDTLYVRYHYYTWAVLAYTWY,1,,,,,6ULR
CASSDPGTEAFF,RPPIFIRRL,A*02:01:01:01,YFAMYGEKVAHTHVDTLYVRYHYYTWAVLAYTWY,1,,,,,6UON
CASRPGAAGGRPELYF,HMTEVVRHC,A*02:01:01:01,YFAMYGEKVAHTHVDTLYVRYHYYTWAVLAYTWY,1,,,,,6UZ1
CASSITLSSYNEQFF,HMTEVVRHC,A*24:02:01:01,YSAMYEEKVAHTDENIAYLMFHYYTWAVQAYTGY,1,,,,,6VM7
CASSITLSSYNEQFF,HMTEVVRHC,A*02:01:01:01,YFAMYGEKVAHTHVDTLYVRYHYYTWAVLAYTWY,1,,,,,6VM8
CASSMGGTYEQYF,RLPAKAPLL,B*07:02:01:01,YYSEYRNIYAQTDESNLYLSYDYYTWAERAYEWY,1,,,,,6VM9
CASSMGGTYEQYF,RLPAKAPLX,A*03:01:01:01,YFAMYQENVAQTDVDTLYIIYRDYTWAELAYTWY,1,,,,,6VMA
CASSMGGTYEQYF,RLPAKAPLX,B*07:02:01:01,YYSEYRNIYAQTDESNLYLSYDYYTWAERAYEWY,1,,,,,6VMC
CASSQDLFTGGYTF,TPQDLNTML,A*02:01:01:01,YFAMYGEKVAHTHVDTLYVRYHYYTWAVLAYTWY,1,,,,,6VMX
CASSIQQGADTQYF,TPQDLNTML,A*02:01:01:01,YFAMYGEKVAHTHVDTLYVRYHYYTWAVLAYTWY,1,,,,,6VQO
CASSEGLWQVGDEQYF,ASNENMETM,A*02:01:01:01,YFAMYGEKVAHTHVDTLYVRYHYYTWAVLAYTWY,1,,,,,6VRM
CAISELVTGDSPLHF,ASNENMETM,B*07:02:01:01,YYSEYRNIYAQTDESNLYLSYDYYTWAERAYEWY,1,,,,,6VRN
CASSYSIRGSRGEQFF,ALHGGWTTK,A*24:02:01:01,YSAMYEEKVAHTDENIAYLMFHYYTWAVQAYTGY,1,,,,,6ZKW
CASSYSIRGSRGEQFF,RLQSLQTYV,A*02:01:01:01,YFAMYGEKVAHTHVDTLYVRYHYYTWAVLAYTWY,1,,,,,6ZKX
CASSYSIRGSRGEQFF,YLQPRTFLL,A*02:01:01:01,YFAMYGEKVAHTHVDTLYVRYHYYTWAVLAYTWY,1,,,,,6ZKY
CASSYSIRGSRGEQFF,TRLALIAPK,A*03:01:01:01,YFAMYQENVAQTDVDTLYIIYRDYTWAELAYTWY,1,,,,,6ZKZ
CASSQDLGAGEVYEQYF,LRVMMLAPF,A*02:01:01:01,YFAMYGEKVAHTHVDTLYVRYHYYTWAVLAYTWY,1,,,,,7BYD
CASSLGIDAIYF,GQVMVVAPR,A*02:01:01:01,YFAMYGEKVAHTHVDTLYVRYHYYTWAVLAYTWY,1,,,,,7DZM
CASSLGIDAIYF,LRVMMLAPF,A*03:01:01:01,YFAMYQENVAQTDVDTLYIIYRDYTWAELAYTWY,1,,,,,7DZN
CASSRDLGRDTQYF,TRLALIAPK,A*02:01:01:01,YFAMYGEKVAHTHVDTLYVRYHYYTWAVLAYTWY,1,,,,,7JWI
CASSRGTIHSNTEVFF,TRLALIAPK,A*02:01:01:01,YFAMYGEKVAHTHVDTLYVRYHYYTWAVLAYTWY,1,,,,,7JWJ
CASSGLAGGPVSGANVLTF,SSLENFRAYV,A*24:02:01:01,YSAMYEEKVAHTDENIAYLMFHYYTWAVQAYTGY,1,,,,,7L1D
CASSLGGAGGADTQYF,SSLCNFRAYV,A*02:01:01:01,YFAMYGEKVAHTHVDTLYVRYHYYTWAVLAYTWY,1,,,,,7N1E
CASSPDIEQYF,SSLCNFRAYV,A*01:01:01:01,YFAMYQENMAHTDANTLYIIYRDYTWVARVYRGY,1,,,,,7N1F
CASSVGLFSTDTQYF,YLQPRTFLL,B*08:01:01:01,YDSEYRNIFTNTDESNLYLSYNYYTWAVDAYTWY,1,,,,,7N2N
CASSVGLFSTDTQYF,YGFRNVVHI,A*02:01:01:01,YFAMYGEKVAHTHVDTLYVRYHYYTWAVLAYTWY,1,,,,,7N2O
CASSVATYSTDTQYF,RMYSPVSIL,A*02:01:01:01,YFAMYGEKVAHTHVDTLYVRYHYYTWAVLAYTWY,1,,,,,7N2P
CASSVATYSTDTQYF,VMAPRTLIX,A*02:01:01:01,YFAMYGEKVAHTHVDTLYVRYHYYTWAVLAYTWY,1,,,,,7N2Q
CASSVATYSTDTQYF,RMYSPVSIX,A*03:01:01:01,YFAMYQENVAQTDVDTLYIIYRDYTWAELAYTWY,1,,,,,7N2R
CASSVGLYSTDTQYF,QLPRLFPLL,A*02:01:01:01,YFAMYGEKVAHTHVDTLYVRYHYYTWAVLAYTWY,1,,,,,7N2S
CASSFGREQYF,QLPRLFPLL,A*01:01:01:01,YFAMYQENMAHTDANTLYIIYRDYTWVARVYRGY,1,,,,,7N4K
CASSFGREQYF,LWMRLLPLL,A*02:01:01:01,YFAMYGEKVAHTHVDTLYVRYHYYTWAVLAYTWY,1,,,,,7N5C
CASSFGREQYF,VVVGAGGVGK,A*02:01:01:01,YFAMYGEKVAHTHVDTLYVRYHYYTWAVLAYTWY,1,,,,,7N5P
CAGQVTNTGELFF,VVVGADGVGK,A*02:01:01:01,YFAMYGEKVAHTHVDTLYVRYHYYTWAVLAYTWY,1,,,,,7N6E
CASSQEPGGYAEQFF,VVVGADGVGK,A*02:01:01:01,YFAMYGEKVAHTHVDTLYVRYHYYTWAVLAYTWY,1,,,,,7NA5
CASSLGREYGYTF,GLYDGMEHL,A*02:01:01:01,YFAMYGEKVAHTHVDTLYVRYHYYTWAVLAYTWY,1,,,,,7NDQ
CASSQDRDTQYF,YLQPRTFLL,A*02:01:01:01,YFAMYGEKVAHTHVDTLYVRYHYYTWAVLAYTWY,1,,,,,7NDT
CASSLGREYGYTF,GLYDGMEHL,A*03:01:01:01,YFAMYQENVAQTDVDTLYIIYRDYTWAELAYTWY,1,,,,,7NDU
CASSLHHEQYF,YLEPGPVTV,B*07:02:01:01,YYSEYRNIYAQTDESNLYLSYDYYTWAERAYEWY,1,,,,,7NME
CASSLHHEQYF,NLSALGIFST,A*02:01:01:01,YFAMYGEKVAHTHVDTLYVRYHYYTWAVLAYTWY,1,,,,,7NMF
CASSLHHEQYF,LLLGIGILVL,A*03:01:01:01,YFAMYQENVAQTDVDTLYIIYRDYTWAELAYTWY,1,,,,,7NMG
CASKVGPGQHNSPLHF,EAAGIGILTV,A*24:02:01:01,YSAMYEEKVAHTDENIAYLMFHYYTWAVQAYTGY,1,,,,,7OW5
CASKVGPGQHNSPLHF,GLYDGMEHL,A*24:02:01:01,YSAMYEEKVAHTDENIAYLMFHYYTWAVQAYTGY,1,,,,,7OW6
CASSYGPGQHNSPLHF,QASQEVKNW,A*02:01:01:01,YFAMYGEKVAHTHVDTLYVRYHYYTWAVLAYTWY,1,,,,,7PB2
CASSFTDTQYF,YMDGTMSQV,A*02:01:01:01,YFAMYGEKVAHTHVDTLYVRYHYYTWAVLAYTWY,1,,,,,7PBC
CASSSANSGELFF,HMTEVVRHC,B*08:01:01:01,YDSEYRNIFTNTDESNLYLSYNYYTWAVDAYTWY,1,,,,,7PBE
CASSFTDTQYF,ALHGGWTTK,A*24:02:01:01,YSAMYEEKVAHTDENIAYLMFHYYTWAVQAYTGY,1,,,,,7PDW
CASSWGAPYEQYF,YLQPRTFLL,A*02:01:01:01,YFAMYGEKVAHTHVDTLYVRYHYYTWAVLAYTWY,1,,,,,7PHR
CAWSETGLGTGELFF,GADGVGKSL,B*08:01:01:01,YDSEYRNIFTNTDESNLYLSYNYYTWAVDAYTWY,1,,,,,7Q99
CAWSETGLGTGELFF,LRVMMLAPF,A*02:01:01:01,YFAMYGEKVAHTHVDTLYVRYHYYTWAVLAYTWY,1,,,,,7Q9A
CASSYSFTEATYEQYF,HPGSVNEFDF,A*02:01:01:01,YFAMYGEKVAHTHVDTLYVRYHYYTWAVLAYTWY,1,,,,,7Q9B
CASSFATEAFF,LLLDRLNQL,A*02:01:01:01,YFAMYGEKVAHTHVDTLYVRYHYYTWAVLAYTWY,1,,,,,7QPJ
CASSYGTGINYGYTF,RLQSLQTYV,A*02:01:01:01,YFAMYGEKVAHTHVDTLYVRYHYYTWAVLAYTWY,1,,,,,7R80
CASSLDPGDTGELFF,RLQSLQIYV,A*02:01:01:01,YFAMYGEKVAHTHVDTLYVRYHYYTWAVLAYTWY,1,,,,,7RK7
CASSLVAETYEQYF,RYPLTFGW,A*02:01:01:01,YFAMYGEKVAHTHVDTLYVRYHYYTWAVLAYTWY,1,,,,,7RM4
CASSPDIEQYF,RFPLTFGW,B*07:02:01:01,YYSEYRNIYAQTDESNLYLSYDYYTWAERAYEWY,1,,,,,7RRG
CASSLGEGRVDGYTF,RYPLTFGW,A*02:01:01:01,YFAMYGEKVAHTHVDTLYVRYHYYTWAVLAYTWY,1,,,,,7RTR
CASSVGTYSTDTQYF,VVGAVGVGK,A*02:01:01:01,YFAMYGEKVAHTHVDTLYVRYHYYTWAVLAYTWY,1,,,,,7SU9
CTCSAGRGGYAEQFF,VVGAVGVGK,A*02:01:01:01,YFAMYGEKVAHTHVDTLYVRYHYYTWAVLAYTWY,1,,,,,8CX4
CASSLDLGADEQFF,VRSRRXLRL,A*24:02:01:01,YSAMYEEKVAHTDENIAYLMFHYYTWAVQAYTGY,1,,,,,8D5Q
CASTWGRASTDTQYF,LLFGYPVYV,A*02:01:01:01,YFAMYGEKVAHTHVDTLYVRYHYYTWAVLAYTWY,1,,,,,8DNT
CASTWGRASTDTQYF,INFDFNTI,A*03:01:01:01,YFAMYQENVAQTDVDTLYIIYRDYTWAELAYTWY,1,,,,,8GOM
CASSDRDRVPETQYF,SIYRYYGL,A*01:01:01:01,YFAMYQENMAHTDANTLYIIYRDYTWVARVYRGY,1,,,,,8GON
CASSDRDRVPETQYF,KVITFIDL,B*08:01:01:01,YDSEYRNIFTNTDESNLYLSYNYYTWAVDAYTWY,1,,,,,8GVB
CASSLRDRVPETQYF,ALWGFFPVL,A*02:01:01:01,YFAMYGEKVAHTHVDTLYVRYHYYTWAVLAYTWY,1,,,,,8GVG
CASGDTGGYEQYF,FLRGRAYGL,A*24:02:01:01,YSAMYEEKVAHTDENIAYLMFHYYTWAVQAYTGY,1,,,,,8GVI
CASSLEGTVEETLYF,EQYKFYSV,A*03:01:01:01,YFAMYQENVAQTDVDTLYIIYRDYTWAELAYTWY,1,,,,,8I5C
CASSYSEGEDEAFF,RGYVYQGL,A*02:01:01:01,YFAMYGEKVAHTHVDTLYVRYHYYTWAVLAYTWY,1,,,,,8I5D
CASRPGLAGGRPEQYF,GILGFVFTL,A*02:01:01:01,YFAMYGEKVAHTHVDTLYVRYHYYTWAVLAYTWY,1,,,,,8SHI
CASSYPGGGFYEQYF,LLFGYAVYV,B*07:02:01:01,YYSEYRNIYAQTDESNLYLSYDYYTWAERAYEWY,0,,,,,
CTCSADRVGNTLYF,LLFGYPRYV,B*07:02:01:01,YYSEYRNIYAQTDESNLYLSYDYYTWAERAYEWY,0,,,,,
CASGGGGTLYF,LLFGYPVAV,B*07:02:01:01,YYSEYRNIYAQTDESNLYLSYDYYTWAERAYEWY,0,,,,,
CTCSAAPDWGASAETLYF,SLLMWITQV,A*02:01:01:01,YFAMYGEKVAHTHVDTLYVRYHYYTWAVLAYTWY,0,,,,,
CASSDWVSYEQYF,SLLMWITQC,A*03:01:01:01,YFAMYQENVAQTDVDTLYIIYRDYTWAELAYTWY,0,,,,,
CASSLGQAYEQYF,EQYKFYSV,A*02:01:01:01,YFAMYGEKVAHTHVDTLYVRYHYYTWAVLAYTWY,0,,,,,
CASGGGGTLYF,QLSPFPFDL,B*07:02:01:01,YYSEYRNIYAQTDESNLYLSYDYYTWAERAYEWY,0,,,,,
CTCSADRVGNTLYF,VMAPRTLIL,A*02:01:01:01,YFAMYGEKVAHTHVDTLYVRYHYYTWAVLAYTWY,0,,,,,
CASSSRSSYEQYF,SLLMWITQC,A*02:01:01:01,YFAMYGEKVAHTHVDTLYVRYHYYTWAVLAYTWY,0,,,,,
CASRPGLAGGRPEQYF,SLLMWITQC,A*03:01:01:01,YFAMYQENVAQTDVDTLYIIYRDYTWAELAYTWY,0,,,,,
CASRPGLAGGRPEQYF,LLFGKPVYV,A*02:01:01:01,YFAMYGEKVAHTHVDTLYVRYHYYTWAVLAYTWY,0,,,,,
CASRPGLAGGRPEQYF,ALWGFFPVL,A*02:01:01:01,YFAMYGEKVAHTHVDTLYVRYHYYTWAVLAYTWY,0,,,,,
CASPGLAGEYEQYF,ALWGFFPVL,A*01:01:01:01,YFAMYQENMAHTDANTLYIIYRDYTWVARVYRGY,0,,,,,
CASSYVGNTGELFF,EPLPQGQLTAY,A*02:01:01:01,YFAMYGEKVAHTHVDTLYVRYHYYTWAVLAYTWY,0,,,,,
CASSYVGNTGELFF,QLSPFPFDL,A*02:01:01:01,YFAMYGEKVAHTHVDTLYVRYHYYTWAVLAYTWY,0,,,,,
CASGGGGTLYF,SQYYYNSL,A*11:01:01:01,YYAMYQENVAQTDVDTLYIIYRDYTWAAQAYRWY,0,,,,,
CASGGGGTLYF,SLLMWITQC,A*02:01:01:01,YFAMYGEKVAHTHVDTLYVRYHYYTWAVLAYTWY,0,,,,,
CASSQDRDTQYF,SLLMWITQC,A*02:01:01:01,YFAMYGEKVAHTHVDTLYVRYHYYTWAVLAYTWY,0,,,,,
CASSYVGNTGELFF,SLLMWITQC,A*02:01:01:01,YFAMYGEKVAHTHVDTLYVRYHYYTWAVLAYTWY,0,,,,,
CASSYVGNTGELFF,ALWGFFPVL,B*08:01:01:01,YDSEYRNIFTNTDESNLYLSYNYYTWAVDAYTWY,0,,,,,
CASRPGLAGGRPEQYF,GILGFVFTL,A*24:02:01:01,YSAMYEEKVAHTDENIAYLMFHYYTWAVQAYTGY,0,,,,,
CASSDWVSYEQYF,GILGFVFTL,A*02:01:01:01,YFAMYGEKVAHTHVDTLYVRYHYYTWAVLAYTWY,0,,,,,
CASSDWVSYEQYF,GILGFVFTL,A*02:01:01:01,YFAMYGEKVAHTHVDTLYVRYHYYTWAVLAYTWY,0,,,,,
CATGTGDSNQPQHF,KAFSPEVIPMF,B*08:01:01:01,YDSEYRNIFTNTDESNLYLSYNYYTWAVDAYTWY,0,,,,,
CASGGGGTLYF,LLFGFPVYV,B*08:01:01:01,YDSEYRNIFTNTDESNLYLSYNYYTWAVDAYTWY,0,,,,,
CTCSADRVGNTLYF,LLFGFPVYV,A*24:02:01:01,YSAMYEEKVAHTDENIAYLMFHYYTWAVQAYTGY,0,,,,,
CASSYLGNTGELFF,EENLLDFVRF,A*02:01:01:01,YFAMYGEKVAHTHVDTLYVRYHYYTWAVLAYTWY,0,,,,,
CASSYLGNTGELFF,QLSPFPFDL,A*02:01:01:01,YFAMYGEKVAHTHVDTLYVRYHYYTWAVLAYTWY,0,,,,,
CASSYLGNTGELFF,QLSPFPFDL,A*02:01:01:01,YFAMYGEKVAHTHVDTLYVRYHYYTWAVLAYTWY,0,,,,,
CASSDWVSYEQYF,FLRGRAYGL,A*02:01:01:01,YFAMYGEKVAHTHVDTLYVRYHYYTWAVLAYTWY,0,,,,,
CASSSRSSYEQYF,NLVPMVATV,A*02:01:01:01,YFAMYGEKVAHTHVDTLYVRYHYYTWAVLAYTWY,0,,,,,
CASSSRSSYEQYF,MLWGYLQYV,A*24:02:01:01,YSAMYEEKVAHTDENIAYLMFHYYTWAVQAYTGY,0,,,,,
CASSSRASYEQYF,ELAGIGILTV,A*02:01:01:01,YFAMYGEKVAHTHVDTLYVRYHYYTWAVLAYTWY,0,,,,,
CASTGSYGYTF,EEYLKAWTF,A*02:01:01:01,YFAMYGEKVAHTHVDTLYVRYHYYTWAVLAYTWY,0,,,,,
CASRPGLAGGRPEQYF,EEYLQAFTY,B*35:01:01:01,YYATYRNIFTNTYESNLYIRYDSYTWAVLAYLWY,0,,,,,
CASRPGLAGGRPEQYF,HPVGEADYFEY,A*11:01:01:01,YYAMYQENVAQTDVDTLYIIYRDYTWAAQAYRWY,0,,,,,
CASRYRDDSYNEQFF,HPVGEADYFEY,A*02:01:01:01,YFAMYGEKVAHTHVDTLYVRYHYYTWAVLAYTWY,0,,,,,
CASGGGGTLYF,HPVGEADYFEY,B*07:02:01:01,YYSEYRNIYAQTDESNLYLSYDYYTWAERAYEWY,0,,,,,
CASGGGGTLYF,GLCTLVAML,A*24:02:01:01,YSAMYEEKVAHTDENIAYLMFHYYTWAVQAYTGY,0,,,,,
CASSFTWTSGGATDTQYF,SSLENFRAYV,A*24:02:01:01,YSAMYEEKVAHTDENIAYLMFHYYTWAVQAYTGY,0,,,,,
CASSPVTGGIYGYTF,LGYGFVNYI,B*08:01:01:01,YDSEYRNIFTNTDESNLYLSYNYYTWAVDAYTWY,0,,,,,
CASRPGLAGGRPEQYF,ELAGIGILTV,A*02:01:01:01,YFAMYGEKVAHTHVDTLYVRYHYYTWAVLAYTWY,0,,,,,
CAWSETGLGTGELFF,AAGIGILTV,B*08:01:01:01,YDSEYRNIFTNTDESNLYLSYNYYTWAVDAYTWY,0,,,,,
CASSLGQAYEQYF,ELAGIGILTV,A*02:01:01:01,YFAMYGEKVAHTHVDTLYVRYHYYTWAVLAYTWY,0,,,,,
CASSLGQAYEQYF,AAGIGILTV,A*24:02:01:01,YSAMYEEKVAHTDENIAYLMFHYYTWAVQAYTGY,0,,,,,
CASPGLAGEYEQYF,LLFGFPVYV,A*02:01:01:01,YFAMYGEKVAHTHVDTLYVRYHYYTWAVLAYTWY,0,,,,,
CASSARSGELFF,FLRGRAYGL,A*24:02:01:01,YSAMYEEKVAHTDENIAYLMFHYYTWAVQAYTGY,0,,,,,
CASSARSGELFF,QLSDVPMDL,A*02:01:01:01,YFAMYGEKVAHTHVDTLYVRYHYYTWAVLAYTWY,0,,,,,
CASSARSGELFF,SPLDSLWWI,B*07:02:01:01,YYSEYRNIYAQTDESNLYLSYDYYTWAERAYEWY,0,,,,,
CSARDGTGNGYTF,FLSPFWFDI,B*07:02:01:01,YYSEYRNIYAQTDESNLYLSYDYYTWAERAYEWY,0,,,,,
CASSFGREQYF,ALWGPDPAAA,A*02:01:01:01,YFAMYGEKVAHTHVDTLYVRYHYYTWAVLAYTWY,0,,,,,
CASRPGLAGGRPEQYF,ALWGPDPAAA,A*24:02:01:01,YSAMYEEKVAHTDENIAYLMFHYYTWAVQAYTGY,0,,,,,
CASSLSFGTEAFF,RFPLTFGWCF,A*24:02:01:01,YSAMYEEKVAHTDENIAYLMFHYYTWAVQAYTGY,0,,,,,
CASSLSFGTEAFF,RYPLTFGWCF,A*02:01:01:01,YFAMYGEKVAHTHVDTLYVRYHYYTWAVLAYTWY,0,,,,,
CAISEVGVGQPQHF,RYPLTLGWCF,B*07:02:01:01,YYSEYRNIYAQTDESNLYLSYDYYTWAERAYEWY,0,,,,,
CAISEVGVGQPQHF,RFPLTFGWCF,B*07:02:01:01,YYSEYRNIYAQTDESNLYLSYDYYTWAERAYEWY,0,,,,,
CASRPGLAGGRPEQYF,RFPLTFGWCF,B*08:01:01:01,YDSEYRNIFTNTDESNLYLSYNYYTWAVDAYTWY,0,,,,,
CASGDFWGDTLYF,ALGIGILTV,A*02:01:01:01,YFAMYGEKVAHTHVDTLYVRYHYYTWAVLAYTWY,0,,,,,
CASGQGNFDIQYF,LLFGYPVYV,A*02:01:01:01,YFAMYGEKVAHTHVDTLYVRYHYYTWAVLAYTWY,0,,,,,
CASSDAPGQLYF,KRWIILGLNK,A*02:01:01:01,YFAMYGEKVAHTHVDTLYVRYHYYTWAVLAYTWY,0,,,,,
CASSDAPGQLYF,KRWIIMGLNK,B*08:01:01:01,YDSEYRNIFTNTDESNLYLSYNYYTWAVDAYTWY,0,,,,,
CASSDAPGQLYF,ELAAIGILTV,A*24:02:01:01,YSAMYEEKVAHTDENIAYLMFHYYTWAVQAYTGY,0,,,,,
CASSLWEKLAKNIQYF,ELAGIGALTV,A*02:01:01:01,YFAMYGEKVAHTHVDTLYVRYHYYTWAVLAYTWY,0,,,,,
CASSLWEKLAKNIQYF,ELAGIGILTV,A*02:01:01:01,YFAMYGEKVAHTHVDTLYVRYHYYTWAVLAYTWY,0,,,,,
CASSPTSGIYEQYF,ELAGIGILTV,B*07:02:01:01,YYSEYRNIYAQTDESNLYLSYDYYTWAERAYEWY,0,,,,,
CASSSWDTGELFF,TAFTIPSI,A*24:02:01:01,YSAMYEEKVAHTDENIAYLMFHYYTWAVQAYTGY,0,,,,,
CASSSWDTGELFF,ILAKFLHWL,A*24:02:01:01,YSAMYEEKVAHTDENIAYLMFHYYTWAVQAYTGY,0,,,,,
CASSGASHEQYF,SPAEAGFFL,A*02:01:01:01,YFAMYGEKVAHTHVDTLYVRYHYYTWAVLAYTWY,0,,,,,
CASSGASHEQYF,QPAEGGFQL,B*08:01:01:01,YDSEYRNIFTNTDESNLYLSYNYYTWAVDAYTWY,0,,,,,
CASSFLGTGVEQYF,SPAPRPLDL,A*01:01:01:01,YFAMYQENMAHTDANTLYIIYRDYTWVARVYRGY,0,,,,,
CASRPGLMSAQPEQYF,MPAGRPWDL,A*11:01:01:01,YYAMYQENVAQTDVDTLYIIYRDYTWAAQAYRWY,0,,,,,
CASREGLGGTEAFF,VPYMAEFGM,A*11:01:01:01,YYAMYQENVAQTDVDTLYIIYRDYTWAAQAYRWY,0,,,,,
CASREGLGGTEAFF,GGAPWNPAMMI,A*11:01:01:01,YYAMYQENVAQTDVDTLYIIYRDYTWAAQAYRWY,0,,,,,
CAWSETGLGMGGWQF,HPVGDADYFEY,A*01:01:01:01,YFAMYQENMAHTDANTLYIIYRDYTWVARVYRGY,0,,,,,
CAWSETGLGMGGWQF,HPVGEADYFEY,A*24:02:01:01,YSAMYEEKVAHTDENIAYLMFHYYTWAVQAYTGY,0,,,,,
CAWSETGLGMGGWQF,HPVGQADYFEY,A*02:01:01:01,YFAMYGEKVAHTHVDTLYVRYHYYTWAVLAYTWY,0,,,,,
CASPGETEAFF,EAAGIGILTV,A*02:01:01:01,YFAMYGEKVAHTHVDTLYVRYHYYTWAVLAYTWY,0,,,,,
CASSRTGSTYEQYF,HSKKKCDEL,A*02:01:01:01,YFAMYGEKVAHTHVDTLYVRYHYYTWAVLAYTWY,0,,,,,
CASSWSFGTEAFF,IPSINVHHY,A*11:01:01:01,YYAMYQENVAQTDVDTLYIIYRDYTWAAQAYRWY,0,,,,,
CASSLTGGGELFF,EVDPIGHLY,A*24:02:01:01,YSAMYEEKVAHTDENIAYLMFHYYTWAVQAYTGY,0,,,,,
CASSYQGTEAFF,ESDPIVAQY,A*02:01:01:01,YFAMYGEKVAHTHVDTLYVRYHYYTWAVLAYTWY,0,,,,,
CASSDAPGQLYF,YQFGPDFPIA,A*02:01:01:01,YFAMYGEKVAHTHVDTLYVRYHYYTWAVLAYTWY,0,,,,,
CASSDAPGQLYF,RQWGPDPAAV,A*24:02:01:01,YSAMYEEKVAHTDENIAYLMFHYYTWAVQAYTGY,0,,,,,
CASSDAPGQLYF,YLGGPDFPTI,A*02:01:01:01,YFAMYGEKVAHTHVDTLYVRYHYYTWAVLAYTWY,0,,,,,
CASSDAPGQLYF,MVWGPDPLYV,A*02:01:01:01,YFAMYGEKVAHTHVDTLYVRYHYYTWAVLAYTWY,0,,,,,
CASSDAPGQLYF,RQFGPDFPTI,A*02:01:01:01,YFAMYGEKVAHTHVDTLYVRYHYYTWAVLAYTWY,0,,,,,
CASGGGGTLYF,RQFGPDWIVA,B*07:02:01:01,YYSEYRNIYAQTDESNLYLSYDYYTWAERAYEWY,0,,,,,
CASSARSGELFF,NLVPMVATV,A*02:01:01:01,YFAMYGEKVAHTHVDTLYVRYHYYTWAVLAYTWY,0,,,,,
CASSARSGELFF,NLVPMVATV,A*02:01:01:01,YFAMYGEKVAHTHVDTLYVRYHYYTWAVLAYTWY,0,,,,,
CASSARSGELFF,GILGFVFTL,A*02:01:01:01,YFAMYGEKVAHTHVDTLYVRYHYYTWAVLAYTWY,0,,,,,
CAWSETGLGTGELFF,ELAGIGILTV,A*02:01:01:01,YFAMYGEKVAHTHVDTLYVRYHYYTWAVLAYTWY,0,,,,,
CASSLRGRGDQPQHF,YLEPGPVTV,A*02:01:01:01,YFAMYGEKVAHTHVDTLYVRYHYYTWAVLAYTWY,0,,,,,
CASSLEGGYYNEQFF,GILGFVFTL,A*02:01:01:01,YFAMYGEKVAHTHVDTLYVRYHYYTWAVLAYTWY,0,,,,,
CASSFNMATGQYF,GILGLVFTL,A*02:01:01:01,YFAMYGEKVAHTHVDTLYVRYHYYTWAVLAYTWY,0,,,,,
CASSFNMATGQYF,GILEFVFTL,A*02:01:01:01,YFAMYGEKVAHTHVDTLYVRYHYYTWAVLAYTWY,0,,,,,
CASSLWEKLAKNIQYF,AQWGPDPAAA,A*02:01:01:01,YFAMYGEKVAHTHVDTLYVRYHYYTWAVLAYTWY,0,,,,,
CASSLWEKLAKNIQYF,GILGFVFTL,A*01:01:01:01,YFAMYQENMAHTDANTLYIIYRDYTWVARVYRGY,0,,,,,
CASSLWEKLAKNIQYF,RGPGRAFVTI,A*02:01:01:01,YFAMYGEKVAHTHVDTLYVRYHYYTWAVLAYTWY,0,,,,,
CASSLWEKLAKNIQYF,GILGFVFTL,A*02:01:01:01,YFAMYGEKVAHTHVDTLYVRYHYYTWAVLAYTWY,0,,,,,
CASSLWEKLAKNIQYF,KLVALGINAV,B*07:02:01:01,YYSEYRNIYAQTDESNLYLSYDYYTWAERAYEWY,0,,,,,
CASSLWEKLAKNIQYF,KAVANFATM,A*02:01:01:01,YFAMYGEKVAHTHVDTLYVRYHYYTWAVLAYTWY,0,,,,,
CASSQTQLWETQYF,KAPANFATM,A*02:01:01:01,YFAMYGEKVAHTHVDTLYVRYHYYTWAVLAYTWY,0,,,,,
CASSLAPGTTNEKLFF,KAPFNFATM,A*24:02:01:01,YSAMYEEKVAHTDENIAYLMFHYYTWAVQAYTGY,0,,,,,
CASSLIYPGELFF,ILAKFLHWL,B*08:01:01:01,YDSEYRNIFTNTDESNLYLSYNYYTWAVDAYTWY,0,,,,,
CASRPGWMAGGVELYF,ELAGIGILTV,B*07:02:01:01,YYSEYRNIYAQTDESNLYLSYDYYTWAERAYEWY,0,,,,,
CASSFIGGTDTQYF,SLYNTVATL,A*11:01:01:01,YYAMYQENVAQTDVDTLYIIYRDYTWAAQAYRWY,0,,,,,
CASSIRSSYEQYF,SLYNTIATL,A*24:02:01:01,YSAMYEEKVAHTDENIAYLMFHYYTWAVQAYTGY,0,,,,,
CASSSRSSYEQYF,SLFNTIAVL,B*07:02:01:01,YYSEYRNIYAQTDESNLYLSYDYYTWAERAYEWY,0,,,,,
CASSIRSSYEQYF,ELAGIGILTV,A*02:01:01:01,YFAMYGEKVAHTHVDTLYVRYHYYTWAVLAYTWY,0,,,,,
CASSLWEKLAKNIQYF,ASNENMETM,A*24:02:01:01,YSAMYEEKVAHTDENIAYLMFHYYTWAVQAYTGY,0,,,,,
CASSIFGQREQYF,ASNENMETM,A*01:01:01:01,YFAMYQENMAHTDANTLYIIYRDYTWVARVYRGY,0,,,,,
CASSLGHTEVFF,GILGFVFTL,B*07:02:01:01,YYSEYRNIYAQTDESNLYLSYDYYTWAERAYEWY,0,,,,,
CASSIGVYGYTF,KAPYNFATM,B*08:01:01:01,YDSEYRNIFTNTDESNLYLSYNYYTWAVDAYTWY,0,,,,,
CASRRGPYEQYF,KAVYNFATM,A*01:01:01:01,YFAMYQENMAHTDANTLYIIYRDYTWVARVYRGY,0,,,,,
CASSDAGGRNTLYF,VMAPRTLIL,A*02:01:01:01,YFAMYGEKVAHTHVDTLYVRYHYYTWAVLAYTWY,0,,,,,
CASSDAGGRNTLYF,VMAPRTLVL,A*02:01:01:01,YFAMYGEKVAHTHVDTLYVRYHYYTWAVLAYTWY,0,,,,,
CASSDAGGRNTLYF,GTSGSPIVNR,A*02:01:01:01,YFAMYGEKVAHTHVDTLYVRYHYYTWAVLAYTWY,0,,,,,
CASSYQGTEAFF,GTSGSPIINR,A*02:01:01:01,YFAMYGEKVAHTHVDTLYVRYHYYTWAVLAYTWY,0,,,,,
CASSQGLAGAGELFF,SQLLNAKYL,A*03:01:01:01,YFAMYQENVAQTDVDTLYIIYRDYTWAELAYTWY,0,,,,,
CASSDTVSYEQYF,IPLTEEAEL,B*08:01:01:01,YDSEYRNIFTNTDESNLYLSYNYYTWAVDAYTWY,0,,,,,
CASSDTVSYEQYF,RYPLTFGWCF,A*24:02:01:01,YSAMYEEKVAHTDENIAYLMFHYYTWAVQAYTGY,0,,,,,
CASSDTVSYEQYF,KLVALGINAV,A*02:01:01:01,YFAMYGEKVAHTHVDTLYVRYHYYTWAVLAYTWY,0,,,,,
CASSQGLAGAGELFF,KLVALGINAV,A*02:01:01:01,YFAMYGEKVAHTHVDTLYVRYHYYTWAVLAYTWY,0,,,,,
CASSAGLDAEQYF,SMLGIGIVPV,A*02:01:01:01,YFAMYGEKVAHTHVDTLYVRYHYYTWAVLAYTWY,0,,,,,
CASSRDLGRDTQYF,MMWDRGLGMM,A*02:01:01:01,YFAMYGEKVAHTHVDTLYVRYHYYTWAVLAYTWY,0,,,,,
CASSLLGGWSEAFF,IPLTEEAEL,A*24:02:01:01,YSAMYEEKVAHTDENIAYLMFHYYTWAVQAYTGY,0,,,,,
CASSDAGGRNTLYF,IPLTEEAEL,A*03:01:01:01,YFAMYQENVAQTDVDTLYIIYRDYTWAELAYTWY,0,,,,,
CASSDAGGRNTLYF,VPLTEDAEL,A*02:01:01:01,YFAMYGEKVAHTHVDTLYVRYHYYTWAVLAYTWY,0,,,,,
CASSANPGDSSNEKLFF,AAGIGILTV,A*01:01:01:01,YFAMYQENMAHTDANTLYIIYRDYTWVARVYRGY,0,,,,,
CASSANPGDSSNEKLFF,ELAGIGILTV,A*02:01:01:01,YFAMYGEKVAHTHVDTLYVRYHYYTWAVLAYTWY,0,,,,,
CASSLGQGLLYGYTF,AAGIGILTV,A*02:01:01:01,YFAMYGEKVAHTHVDTLYVRYHYYTWAVLAYTWY,0,,,,,
CASSLGQGLLYGYTF,AAGIGILTV,A*02:01:01:01,YFAMYGEKVAHTHVDTLYVRYHYYTWAVLAYTWY,0,,,,,
CASSDWGDTGQLYF,KAPYDYAPI,A*02:01:01:01,YFAMYGEKVAHTHVDTLYVRYHYYTWAVLAYTWY,0,,,,,
CASRTRGGTLIEQYF,SPSYAYHQF,B*07:02:01:01,YYSEYRNIYAQTDESNLYLSYDYYTWAERAYEWY,0,,,,,
CAWSVSVGAGVPTIYF,FEDLRVLSF,A*02:01:01:01,YFAMYGEKVAHTHVDTLYVRYHYYTWAVLAYTWY,0,,,,,
CASRRGPYEQYF,KQWLVWLFL,A*02:01:01:01,YFAMYGEKVAHTHVDTLYVRYHYYTWAVLAYTWY,0,,,,,
CASRRGSAELYF,SLLMWITQV,B*07:02:01:01,YYSEYRNIYAQTDESNLYLSYDYYTWAERAYEWY,0,,,,,
CASSLSFGTEAFF,SLSKILDTV,A*02:01:01:01,YFAMYGEKVAHTHVDTLYVRYHYYTWAVLAYTWY,0,,,,,
CASSLSFGTEAFF,SLLMWITQV,A*02:01:01:01,YFAMYGEKVAHTHVDTLYVRYHYYTWAVLAYTWY,0,,,,,
CASSQRQEGDTQYF,SLLMWITQV,A*11:01:01:01,YYAMYQENVAQTDVDTLYIIYRDYTWAAQAYRWY,0,,,,,
CASSGGHTGSNEQFF,SLLMWITQV,A*02:01:01:01,YFAMYGEKVAHTHVDTLYVRYHYYTWAVLAYTWY,0,,,,,
CASSFRGGKTQYF,RMFPNAPYL,B*08:01:01:01,YDSEYRNIFTNTDESNLYLSYNYYTWAVDAYTWY,0,,,,,
CASRTRGGTLIEQYF,EAAGIGILTV,A*02:01:01:01,YFAMYGEKVAHTHVDTLYVRYHYYTWAVLAYTWY,0,,,,,
CASRTRGGTLIEQYF,GVYDGREHTV,A*02:01:01:01,YFAMYGEKVAHTHVDTLYVRYHYYTWAVLAYTWY,0,,,,,
CASSWSFGTEAFF,KQWLVWLLL,A*02:01:01:01,YFAMYGEKVAHTHVDTLYVRYHYYTWAVLAYTWY,0,,,,,
CASSWSFGTEAFF,KQWLVWLFL,A*02:01:01:01,YFAMYGEKVAHTHVDTLYVRYHYYTWAVLAYTWY,0,,,,,
CAWSETGLGTGELFF,GADGVGKSA,B*35:01:01:01,YYATYRNIFTNTYESNLYIRYDSYTWAVLAYLWY,0,,,,,
CAWSETGLGMGGWQF,GADGVGKSA,A*02:01:01:01,YFAMYGEKVAHTHVDTLYVRYHYYTWAVLAYTWY,0,,,,,
CASSDAGGRNTLYF,GADGVGKSAL,B*08:01:01:01,YDSEYRNIFTNTDESNLYLSYNYYTWAVDAYTWY,0,,,,,
CASSDGDYEQYF,LLFGYPVYV,A*02:01:01:01,YFAMYGEKVAHTHVDTLYVRYHYYTWAVLAYTWY,0,,,,,
CASSMSAMGTEAFF,ITDQVPFSV,B*07:02:01:01,YYSEYRNIYAQTDESNLYLSYDYYTWAERAYEWY,0,,,,,
CASSRTSPTDTQYF,IMDQVPFSV,A*02:01:01:01,YFAMYGEKVAHTHVDTLYVRYHYYTWAVLAYTWY,0,,,,,
CASSYVGNTGELFF,IMDQVPFSV,B*07:02:01:01,YYSEYRNIYAQTDESNLYLSYDYYTWAERAYEWY,0,,,,,
CASSPLDVSISSYNEQFF,ITDQVPFSV,A*02:01:01:01,YFAMYGEKVAHTHVDTLYVRYHYYTWAVLAYTWY,0,,,,,
CASSSPGGVSTEAFF,ILDQVPFSV,A*01:01:01:01,YFAMYQENMAHTDANTLYIIYRDYTWVARVYRGY,0,,,,,
CSVGGSGGADTQYF,RPPIFIRRL,B*08:01:01:01,YDSEYRNIFTNTDESNLYLSYNYYTWAVDAYTWY,0,,,,,
CASSYLNRDSALDF,HMTEVVRHC,A*02:01:01:01,YFAMYGEKVAHTHVDTLYVRYHYYTWAVLAYTWY,0,,,,,
CASSLGFGRDVMRF,HMTEVVRHC,A*11:01:01:01,YYAMYQENVAQTDVDTLYIIYRDYTWAAQAYRWY,0,,,,,
CAWSETGLGMGGWQF,HMTEVVRHC,A*03:01:01:01,YFAMYQENVAQTDVDTLYIIYRDYTWAELAYTWY,0,,,,,
CASSFLMTSGDPYEQYF,RLPAKAPLL,A*11:01:01:01,YYAMYQENVAQTDVDTLYIIYRDYTWAAQAYRWY,0,,,,,
CASSRTSPTDTQYF,RLPAKAPLX,A*02:01:01:01,YFAMYGEKVAHTHVDTLYVRYHYYTWAVLAYTWY,0,,,,,
CASSRTSPTDTQYF,RLPAKAPLX,A*02:01:01:01,YFAMYGEKVAHTHVDTLYVRYHYYTWAVLAYTWY,0,,,,,
CASSLGQTNYGYTF,TPQDLNTML,A*02:01:01:01,YFAMYGEKVAHTHVDTLYVRYHYYTWAVLAYTWY,0,,,,,
CASSLGEGRVDGYTF,TPQDLNTML,A*24:02:01:01,YSAMYEEKVAHTDENIAYLMFHYYTWAVQAYTGY,0,,,,,
CASSDPGTEAFF,ASNENMETM,A*02:01:01:01,YFAMYGEKVAHTHVDTLYVRYHYYTWAVLAYTWY,0,,,,,
CASRPGAAGGRPELYF,ASNENMETM,A*02:01:01:01,YFAMYGEKVAHTHVDTLYVRYHYYTWAVLAYTWY,0,,,,,
CASSITLSSYNEQFF,ALHGGWTTK,A*02:01:01:01,YFAMYGEKVAHTHVDTLYVRYHYYTWAVLAYTWY,0,,,,,
CASSITLSSYNEQFF,RLQSLQTYV,A*02:01:01:01,YFAMYGEKVAHTHVDTLYVRYHYYTWAVLAYTWY,0,,,,,
CASSMGGTYEQYF,YLQPRTFLL,A*02:01:01:01,YFAMYGEKVAHTHVDTLYVRYHYYTWAVLAYTWY,0,,,,,
CASSMGGTYEQYF,TRLALIAPK,A*02:01:01:01,YFAMYGEKVAHTHVDTLYVRYHYYTWAVLAYTWY,0,,,,,
CASSMGGTYEQYF,LRVMMLAPF,B*07:02:01:01,YYSEYRNIYAQTDESNLYLSYDYYTWAERAYEWY,0,,,,,
CASSQDLFTGGYTF,GQVMVVAPR,A*02:01:01:01,YFAMYGEKVAHTHVDTLYVRYHYYTWAVLAYTWY,0,,,,,
CASSIQQGADTQYF,LRVMMLAPF,A*02:01:01:01,YFAMYGEKVAHTHVDTLYVRYHYYTWAVLAYTWY,0,,,,,
CASSEGLWQVGDEQYF,TRLALIAPK,A*24:02:01:01,YSAMYEEKVAHTDENIAYLMFHYYTWAVQAYTGY,0,,,,,
CAISELVTGDSPLHF,TRLALIAPK,A*02:01:01:01,YFAMYGEKVAHTHVDTLYVRYHYYTWAVLAYTWY,0,,,,,
CASSYSIRGSRGEQFF,SSLENFRAYV,B*08:01:01:01,YDSEYRNIFTNTDESNLYLSYNYYTWAVDAYTWY,0,,,,,
CASSYSIRGSRGEQFF,SSLCNFRAYV,A*02:01:01:01,YFAMYGEKVAHTHVDTLYVRYHYYTWAVLAYTWY,0,,,,,
CASSYSIRGSRGEQFF,SSLCNFRAYV,A*02:01:01:01,YFAMYGEKVAHTHVDTLYVRYHYYTWAVLAYTWY,0,,,,,
CASSYSIRGSRGEQFF,YLQPRTFLL,A*01:01:01:01,YFAMYQENMAHTDANTLYIIYRDYTWVARVYRGY,0,,,,,
CASSQDLGAGEVYEQYF,YGFRNVVHI,A*11:01:01:01,YYAMYQENVAQTDVDTLYIIYRDYTWAAQAYRWY,0,,,,,
CASSLGIDAIYF,RMYSPVSIL,B*07:02:01:01,YYSEYRNIYAQTDESNLYLSYDYYTWAERAYEWY,0,,,,,
CASSLGIDAIYF,VMAPRTLIX,A*02:01:01:01,YFAMYGEKVAHTHVDTLYVRYHYYTWAVLAYTWY,0,,,,,
CASSRDLGRDTQYF,RMYSPVSIX,A*03:01:01:01,YFAMYQENVAQTDVDTLYIIYRDYTWAELAYTWY,0,,,,,
CASSRGTIHSNTEVFF,QLPRLFPLL,A*02:01:01:01,YFAMYGEKVAHTHVDTLYVRYHYYTWAVLAYTWY,0,,,,,
CASSGLAGGPVSGANVLTF,QLPRLFPLL,B*08:01:01:01,YDSEYRNIFTNTDESNLYLSYNYYTWAVDAYTWY,0,,,,,
CASSLGGAGGADTQYF,LWMRLLPLL,A*02:01:01:01,YFAMYGEKVAHTHVDTLYVRYHYYTWAVLAYTWY,0,,,,,
CASSPDIEQYF,VVVGAGGVGK,A*03:01:01:01,YFAMYQENVAQTDVDTLYIIYRDYTWAELAYTWY,0,,,,,
CASSVGLFSTDTQYF,VVVGADGVGK,A*24:02:01:01,YSAMYEEKVAHTDENIAYLMFHYYTWAVQAYTGY,0,,,,,
CASSVGLFSTDTQYF,VVVGADGVGK,A*24:02:01:01,YSAMYEEKVAHTDENIAYLMFHYYTWAVQAYTGY,0,,,,,
CASSVATYSTDTQYF,GLYDGMEHL,A*02:01:01:01,YFAMYGEKVAHTHVDTLYVRYHYYTWAVLAYTWY,0,,,,,
CASSVATYSTDTQYF,YLQPRTFLL,B*07:02:01:01,YYSEYRNIYAQTDESNLYLSYDYYTWAERAYEWY,0,,,,,
CASSVATYSTDTQYF,GLYDGMEHL,A*02:01:01:01,YFAMYGEKVAHTHVDTLYVRYHYYTWAVLAYTWY,0,,,,,
CASSVGLYSTDTQYF,YLEPGPVTV,B*08:01:01:01,YDSEYRNIFTNTDESNLYLSYNYYTWAVDAYTWY,0,,,,,
CASSFGREQYF,NLSALGIFST,B*07:02:01:01,YYSEYRNIYAQTDESNLYLSYDYYTWAERAYEWY,0,,,,,
CASSFGREQYF,LLLGIGILVL,B*08:01:01:01,YDSEYRNIFTNTDESNLYLSYNYYTWAVDAYTWY,0,,,,,
CASSFGREQYF,EAAGIGILTV,A*02:01:01:01,YFAMYGEKVAHTHVDTLYVRYHYYTWAVLAYTWY,0,,,,,
CAGQVTNTGELFF,GLYDGMEHL,B*08:01:01:01,YDSEYRNIFTNTDESNLYLSYNYYTWAVDAYTWY,0,,,,,
CASSQEPGGYAEQFF,QASQEVKNW,A*02:01:01:01,YFAMYGEKVAHTHVDTLYVRYHYYTWAVLAYTWY,0,,,,,
CASSLGREYGYTF,YMDGTMSQV,A*02:01:01:01,YFAMYGEKVAHTHVDTLYVRYHYYTWAVLAYTWY,0,,,,,
CASSQDRDTQYF,HMTEVVRHC,A*02:01:01:01,YFAMYGEKVAHTHVDTLYVRYHYYTWAVLAYTWY,0,,,,,
CASSLGREYGYTF,ALHGGWTTK,A*24:02:01:01,YSAMYEEKVAHTDENIAYLMFHYYTWAVQAYTGY,0,,,,,
CASSLHHEQYF,YLQPRTFLL,A*02:01:01:01,YFAMYGEKVAHTHVDTLYVRYHYYTWAVLAYTWY,0,,,,,
CASSLHHEQYF,GADGVGKSL,A*02:01:01:01,YFAMYGEKVAHTHVDTLYVRYHYYTWAVLAYTWY,0,,,,,
CASSLHHEQYF,LRVMMLAPF,B*08:01:01:01,YDSEYRNIFTNTDESNLYLSYNYYTWAVDAYTWY,0,,,,,
CASKVGPGQHNSPLHF,HPGSVNEFDF,A*03:01:01:01,YFAMYQENVAQTDVDTLYIIYRDYTWAELAYTWY,0,,,,,
CASKVGPGQHNSPLHF,LLLDRLNQL,A*03:01:01:01,YFAMYQENVAQTDVDTLYIIYRDYTWAELAYTWY,0,,,,,
CASSYGPGQHNSPLHF,RLQSLQTYV,A*02:01:01:01,YFAMYGEKVAHTHVDTLYVRYHYYTWAVLAYTWY,0,,,,,
CASSFTDTQYF,RLQSLQIYV,B*08:01:01:01,YDSEYRNIFTNTDESNLYLSYNYYTWAVDAYTWY,0,,,,,
CASSSANSGELFF,RYPLTFGW,B*35:01:01:01,YYATYRNIFTNTYESNLYIRYDSYTWAVLAYLWY,0,,,,,
CASSFTDTQYF,RFPLTFGW,A*02:01:01:01,YFAMYGEKVAHTHVDTLYVRYHYYTWAVLAYTWY,0,,,,,
CASSWGAPYEQYF,RYPLTFGW,A*02:01:01:01,YFAMYGEKVAHTHVDTLYVRYHYYTWAVLAYTWY,0,,,,,
CAWSETGLGTGELFF,VVGAVGVGK,A*02:01:01:01,YFAMYGEKVAHTHVDTLYVRYHYYTWAVLAYTWY,0,,,,,
CAWSETGLGTGELFF,VVGAVGVGK,B*07:02:01:01,YYSEYRNIYAQTDESNLYLSYDYYTWAERAYEWY,0,,,,,
CASSYSFTEATYEQYF,VRSRRXLRL,A*01:01:01:01,YFAMYQENMAHTDANTLYIIYRDYTWVARVYRGY,0,,,,,
CASSFATEAFF,SLLMWITQV,A*02:01:01:01,YFAMYGEKVAHTHVDTLYVRYHYYTWAVLAYTWY,0,,,,,
CASSYGTGINYGYTF,SLLMWITQC,A*02:01:01:01,YFAMYGEKVAHTHVDTLYVRYHYYTWAVLAYTWY,0,,,,,
CASSLDPGDTGELFF,EQYKFYSV,A*24:02:01:01,YSAMYEEKVAHTDENIAYLMFHYYTWAVQAYTGY,0,,,,,
CASSLVAETYEQYF,QLSPFPFDL,A*02:01:01:01,YFAMYGEKVAHTHVDTLYVRYHYYTWAVLAYTWY,0,,,,,
CASSPDIEQYF,VMAPRTLIL,A*02:01:01:01,YFAMYGEKVAHTHVDTLYVRYHYYTWAVLAYTWY,0,,,,,
CASSLGEGRVDGYTF,SLLMWITQC,A*02:01:01:01,YFAMYGEKVAHTHVDTLYVRYHYYTWAVLAYTWY,0,,,,,
CASSVGTYSTDTQYF,SLLMWITQC,B*08:01:01:01,YDSEYRNIFTNTDESNLYLSYNYYTWAVDAYTWY,0,,,,,
CTCSAGRGGYAEQFF,LLFGKPVYV,A*02:01:01:01,YFAMYGEKVAHTHVDTLYVRYHYYTWAVLAYTWY,0,,,,,
CASSLDLGADEQFF,ALWGFFPVL,B*07:02:01:01,YYSEYRNIYAQTDESNLYLSYDYYTWAERAYEWY,0,,,,,
CASTWGRASTDTQYF,ALWGFFPVL,A*02:01:01:01,YFAMYGEKVAHTHVDTLYVRYHYYTWAVLAYTWY,0,,,,,
CASTWGRASTDTQYF,EPLPQGQLTAY,A*02:01:01:01,YFAMYGEKVAHTHVDTLYVRYHYYTWAVLAYTWY,0,,,,,
CASSDRDRVPETQYF,QLSPFPFDL,A*02:01:01:01,YFAMYGEKVAHTHVDTLYVRYHYYTWAVLAYTWY,0,,,,,
CASSDRDRVPETQYF,SQYYYNSL,A*24:02:01:01,YSAMYEEKVAHTDENIAYLMFHYYTWAVQAYTGY,0,,,,,
CASSLRDRVPETQYF,SLLMWITQC,A*02:01:01:01,YFAMYGEKVAHTHVDTLYVRYHYYTWAVLAYTWY,0,,,,,
CASGDTGGYEQYF,SLLMWITQC,A*02:01:01:01,YFAMYGEKVAHTHVDTLYVRYHYYTWAVLAYTWY,0,,,,,
CASSLEGTVEETLYF,SLLMWITQC,A*02:01:01:01,YFAMYGEKVAHTHVDTLYVRYHYYTWAVLAYTWY,0,,,,,
CASSYSEGEDEAFF,ALWGFFPVL,A*01:01:01:01,YFAMYQENMAHTDANTLYIIYRDYTWVARVYRGY,0,,,,,
CTCSAAPDWGASAETLYF,GILGFVFTL,B*07:02:01:01,YYSEYRNIYAQTDESNLYLSYDYYTWAERAYEWY,0,,,,,
CASSDWVSYEQYF,GILGFVFTL,A*02:01:01:01,YFAMYGEKVAHTHVDTLYVRYHYYTWAVLAYTWY,0,,,,,
CASSLGQAYEQYF,GILGFVFTL,B*08:01:01:01,YDSEYRNIFTNTDESNLYLSYNYYTWAVDAYTWY,0,,,,,
CASGGGGTLYF,KAFSPEVIPMF,A*02:01:01:01,YFAMYGEKVAHTHVDTLYVRYHYYTWAVLAYTWY,0,,,,,
CTCSADRVGNTLYF,LLFGFPVYV,A*24:02:01:01,YSAMYEEKVAHTDENIAYLMFHYYTWAVQAYTGY,0,,,,,
CASSSRSSYEQYF,LLFGFPVYV,A*01:01:01:01,YFAMYQENMAHTDANTLYIIYRDYTWVARVYRGY,0,,,,,
CASRPGLAGGRPEQYF,EENLLDFVRF,B*08:01:01:01,YDSEYRNIFTNTDESNLYLSYNYYTWAVDAYTWY,0,,,,,
CASRPGLAGGRPEQYF,QLSPFPFDL,B*35:01:01:01,YYATYRNIFTNTYESNLYIRYDSYTWAVLAYLWY,0,,,,,
CASRPGLAGGRPEQYF,QLSPFPFDL,A*02:01:01:01,YFAMYGEKVAHTHVDTLYVRYHYYTWAVLAYTWY,0,,,,,
CASPGLAGEYEQYF,FLRGRAYGL,B*07:02:01:01,YYSEYRNIYAQTDESNLYLSYDYYTWAERAYEWY,0,,,,,
CASSYVGNTGELFF,NLVPMVATV,A*03:01:01:01,YFAMYQENVAQTDVDTLYIIYRDYTWAELAYTWY,0,,,,,
CASSYVGNTGELFF,MLWGYLQYV,B*07:02:01:01,YYSEYRNIYAQTDESNLYLSYDYYTWAERAYEWY,0,,,,,
CASGGGGTLYF,ELAGIGILTV,A*02:01:01:01,YFAMYGEKVAHTHVDTLYVRYHYYTWAVLAYTWY,0,,,,,
CASGGGGTLYF,EEYLKAWTF,A*02:01:01:01,YFAMYGEKVAHTHVDTLYVRYHYYTWAVLAYTWY,0,,,,,
CASSQDRDTQYF,EEYLQAFTY,A*02:01:01:01,YFAMYGEKVAHTHVDTLYVRYHYYTWAVLAYTWY,0,,,,,
CASSYVGNTGELFF,HPVGEADYFEY,B*08:01:01:01,YDSEYRNIFTNTDESNLYLSYNYYTWAVDAYTWY,0,,,,,
CASSYVGNTGELFF,HPVGEADYFEY,A*02:01:01:01,YFAMYGEKVAHTHVDTLYVRYHYYTWAVLAYTWY,0,,,,,
CASRPGLAGGRPEQYF,HPVGEADYFEY,A*02:01:01:01,YFAMYGEKVAHTHVDTLYVRYHYYTWAVLAYTWY,0,,,,,
CASSDWVSYEQYF,GLCTLVAML,A*02:01:01:01,YFAMYGEKVAHTHVDTLYVRYHYYTWAVLAYTWY,0,,,,,
CASSDWVSYEQYF,SSLENFRAYV,B*07:02:01:01,YYSEYRNIYAQTDESNLYLSYDYYTWAERAYEWY,0,,,,,
CATGTGDSNQPQHF,LGYGFVNYI,B*08:01:01:01,YDSEYRNIFTNTDESNLYLSYNYYTWAVDAYTWY,0,,,,,
CASGGGGTLYF,ELAGIGILTV,A*03:01:01:01,YFAMYQENVAQTDVDTLYIIYRDYTWAELAYTWY,0,,,,,
CTCSADRVGNTLYF,AAGIGILTV,A*01:01:01:01,YFAMYQENMAHTDANTLYIIYRDYTWVARVYRGY,0,,,,,
CASSYLGNTGELFF,ELAGIGILTV,A*02:01:01:01,YFAMYGEKVAHTHVDTLYVRYHYYTWAVLAYTWY,0,,,,,
CASSYLGNTGELFF,AAGIGILTV,A*02:01:01:01,YFAMYGEKVAHTHVDTLYVRYHYYTWAVLAYTWY,0,,,,,
CASSYLGNTGELFF,LLFGFPVYV,A*02:01:01:01,YFAMYGEKVAHTHVDTLYVRYHYYTWAVLAYTWY,0,,,,,
CASSDWVSYEQYF,FLRGRAYGL,A*02:01:01:01,YFAMYGEKVAHTHVDTLYVRYHYYTWAVLAYTWY,0,,,,,
CASSSRSSYEQYF,QLSDVPMDL,A*01:01:01:01,YFAMYQENMAHTDANTLYIIYRDYTWVARVYRGY,0,,,,,
CASSSRSSYEQYF,SPLDSLWWI,A*02:01:01:01,YFAMYGEKVAHTHVDTLYVRYHYYTWAVLAYTWY,0,,,,,
CASSSRASYEQYF,FLSPFWFDI,A*02:01:01:01,YFAMYGEKVAHTHVDTLYVRYHYYTWAVLAYTWY,0,,,,,
CASTGSYGYTF,ALWGPDPAAA,A*02:01:01:01,YFAMYGEKVAHTHVDTLYVRYHYYTWAVLAYTWY,0,,,,,
CASRPGLAGGRPEQYF,ALWGPDPAAA,B*07:02:01:01,YYSEYRNIYAQTDESNLYLSYDYYTWAERAYEWY,0,,,,,
CASRPGLAGGRPEQYF,RFPLTFGWCF,A*02:01:01:01,YFAMYGEKVAHTHVDTLYVRYHYYTWAVLAYTWY,0,,,,,
CASRYRDDSYNEQFF,RYPLTFGWCF,B*07:02:01:01,YYSEYRNIYAQTDESNLYLSYDYYTWAERAYEWY,0,,,,,
CASGGGGTLYF,RYPLTLGWCF,A*03:01:01:01,YFAMYQENVAQTDVDTLYIIYRDYTWAELAYTWY,0,,,,,
CASGGGGTLYF,RFPLTFGWCF,A*02:01:01:01,YFAMYGEKVAHTHVDTLYVRYHYYTWAVLAYTWY,0,,,,,
CASSFTWTSGGATDTQYF,RFPLTFGWCF,B*07:02:01:01,YYSEYRNIYAQTDESNLYLSYDYYTWAERAYEWY,0,,,,,
CASSPVTGGIYGYTF,ALGIGILTV,A*02:01:01:01,YFAMYGEKVAHTHVDTLYVRYHYYTWAVLAYTWY,0,,,,,
CASRPGLAGGRPEQYF,LLFGYPVYV,A*02:01:01:01,YFAMYGEKVAHTHVDTLYVRYHYYTWAVLAYTWY,0,,,,,
CAWSETGLGTGELFF,KRWIILGLNK,A*02:01:01:01,YFAMYGEKVAHTHVDTLYVRYHYYTWAVLAYTWY,0,,,,,
CASSLGQAYEQYF,KRWIIMGLNK,B*07:02:01:01,YYSEYRNIYAQTDESNLYLSYDYYTWAERAYEWY,0,,,,,
CASSLGQAYEQYF,ELAAIGILTV,A*02:01:01:01,YFAMYGEKVAHTHVDTLYVRYHYYTWAVLAYTWY,0,,,,,
CASPGLAGEYEQYF,ELAGIGALTV,A*02:01:01:01,YFAMYGEKVAHTHVDTLYVRYHYYTWAVLAYTWY,0,,,,,
CASSARSGELFF,ELAGIGILTV,A*02:01:01:01,YFAMYGEKVAHTHVDTLYVRYHYYTWAVLAYTWY,0,,,,,
CASSARSGELFF,ELAGIGILTV,A*02:01:01:01,YFAMYGEKVAHTHVDTLYVRYHYYTWAVLAYTWY,0,,,,,
CASSARSGELFF,TAFTIPSI,B*07:02:01:01,YYSEYRNIYAQTDESNLYLSYDYYTWAERAYEWY,0,,,,,
CSARDGTGNGYTF,ILAKFLHWL,A*24:02:01:01,YSAMYEEKVAHTDENIAYLMFHYYTWAVQAYTGY,0,,,,,
CASSFGREQYF,SPAEAGFFL,A*02:01:01:01,YFAMYGEKVAHTHVDTLYVRYHYYTWAVLAYTWY,0,,,,,
CASRPGLAGGRPEQYF,QPAEGGFQL,A*02:01:01:01,YFAMYGEKVAHTHVDTLYVRYHYYTWAVLAYTWY,0,,,,,
CASSLSFGTEAFF,SPAPRPLDL,A*02:01:01:01,YFAMYGEKVAHTHVDTLYVRYHYYTWAVLAYTWY,0,,,,,
CASSLSFGTEAFF,MPAGRPWDL,B*08:01:01:01,YDSEYRNIFTNTDESNLYLSYNYYTWAVDAYTWY,0,,,,,
CAISEVGVGQPQHF,VPYMAEFGM,A*02:01:01:01,YFAMYGEKVAHTHVDTLYVRYHYYTWAVLAYTWY,0,,,,,
CAISEVGVGQPQHF,GGAPWNPAMMI,A*02:01:01:01,YFAMYGEKVAHTHVDTLYVRYHYYTWAVLAYTWY,0,,,,,
CASRPGLAGGRPEQYF,HPVGDADYFEY,A*02:01:01:01,YFAMYGEKVAHTHVDTLYVRYHYYTWAVLAYTWY,0,,,,,
CASGDFWGDTLYF,HPVGEADYFEY,A*11:01:01:01,YYAMYQENVAQTDVDTLYIIYRDYTWAAQAYRWY,0,,,,,
CASGQGNFDIQYF,HPVGQADYFEY,A*02:01:01:01,YFAMYGEKVAHTHVDTLYVRYHYYTWAVLAYTWY,0,,,,,
CASSDAPGQLYF,EAAGIGILTV,A*02:01:01:01,YFAMYGEKVAHTHVDTLYVRYHYYTWAVLAYTWY,0,,,,,
CASSDAPGQLYF,HSKKKCDEL,A*02:01:01:01,YFAMYGEKVAHTHVDTLYVRYHYYTWAVLAYTWY,0,,,,,
CASSDAPGQLYF,IPSINVHHY,A*11:01:01:01,YYAMYQENVAQTDVDTLYIIYRDYTWAAQAYRWY,0,,,,,
CASSLWEKLAKNIQYF,EVDPIGHLY,A*01:01:01:01,YFAMYQENMAHTDANTLYIIYRDYTWVARVYRGY,0,,,,,
CASSLWEKLAKNIQYF,ESDPIVAQY,A*24:02:01:01,YSAMYEEKVAHTDENIAYLMFHYYTWAVQAYTGY,0,,,,,
CASSPTSGIYEQYF,YQFGPDFPIA,B*07:02:01:01,YYSEYRNIYAQTDESNLYLSYDYYTWAERAYEWY,0,,,,,
CASSSWDTGELFF,RQWGPDPAAV,A*24:02:01:01,YSAMYEEKVAHTDENIAYLMFHYYTWAVQAYTGY,0,,,,,
CASSSWDTGELFF,YLGGPDFPTI,A*03:01:01:01,YFAMYQENVAQTDVDTLYIIYRDYTWAELAYTWY,0,,,,,
CASSGASHEQYF,MVWGPDPLYV,A*01:01:01:01,YFAMYQENMAHTDANTLYIIYRDYTWVARVYRGY,0,,,,,
CASSGASHEQYF,RQFGPDFPTI,A*02:01:01:01,YFAMYGEKVAHTHVDTLYVRYHYYTWAVLAYTWY,0,,,,,
CASSFLGTGVEQYF,RQFGPDWIVA,A*02:01:01:01,YFAMYGEKVAHTHVDTLYVRYHYYTWAVLAYTWY,0,,,,,
CASRPGLMSAQPEQYF,NLVPMVATV,A*01:01:01:01,YFAMYQENMAHTDANTLYIIYRDYTWVARVYRGY,0,,,,,
CASREGLGGTEAFF,NLVPMVATV,A*02:01:01:01,YFAMYGEKVAHTHVDTLYVRYHYYTWAVLAYTWY,0,,,,,
CASREGLGGTEAFF,GILGFVFTL,A*01:01:01:01,YFAMYQENMAHTDANTLYIIYRDYTWVARVYRGY,0,,,,,
CAWSETGLGMGGWQF,ELAGIGILTV,A*02:01:01:01,YFAMYGEKVAHTHVDTLYVRYHYYTWAVLAYTWY,0,,,,,
CAWSETGLGMGGWQF,YLEPGPVTV,A*02:01:01:01,YFAMYGEKVAHTHVDTLYVRYHYYTWAVLAYTWY,0,,,,,
CAWSETGLGMGGWQF,GILGFVFTL,A*02:01:01:01,YFAMYGEKVAHTHVDTLYVRYHYYTWAVLAYTWY,0,,,,,
CASPGETEAFF,GILGLVFTL,A*02:01:01:01,YFAMYGEKVAHTHVDTLYVRYHYYTWAVLAYTWY,0,,,,,
CASSRTGSTYEQYF,GILEFVFTL,A*02:01:01:01,YFAMYGEKVAHTHVDTLYVRYHYYTWAVLAYTWY,0,,,,,
CASSWSFGTEAFF,AQWGPDPAAA,A*02:01:01:01,YFAMYGEKVAHTHVDTLYVRYHYYTWAVLAYTWY,0,,,,,
CASSLTGGGELFF,GILGFVFTL,A*02:01:01:01,YFAMYGEKVAHTHVDTLYVRYHYYTWAVLAYTWY,0,,,,,
CASSYQGTEAFF,RGPGRAFVTI,A*02:01:01:01,YFAMYGEKVAHTHVDTLYVRYHYYTWAVLAYTWY,0,,,,,
CASSDAPGQLYF,GILGFVFTL,A*24:02:01:01,YSAMYEEKVAHTDENIAYLMFHYYTWAVQAYTGY,0,,,,,
CASSDAPGQLYF,KLVALGINAV,A*02:01:01:01,YFAMYGEKVAHTHVDTLYVRYHYYTWAVLAYTWY,0,,,,,
CASSDAPGQLYF,KAVANFATM,A*02:01:01:01,YFAMYGEKVAHTHVDTLYVRYHYYTWAVLAYTWY,0,,,,,
CASSDAPGQLYF,KAPANFATM,A*24:02:01:01,YSAMYEEKVAHTDENIAYLMFHYYTWAVQAYTGY,0,,,,,
CASSDAPGQLYF,KAPFNFATM,A*02:01:01:01,YFAMYGEKVAHTHVDTLYVRYHYYTWAVLAYTWY,0,,,,,
CASGGGGTLYF,ILAKFLHWL,A*01:01:01:01,YFAMYQENMAHTDANTLYIIYRDYTWVARVYRGY,0,,,,,
CASSARSGELFF,ELAGIGILTV,A*11:01:01:01,YYAMYQENVAQTDVDTLYIIYRDYTWAAQAYRWY,0,,,,,
CASSARSGELFF,SLYNTVATL,A*02:01:01:01,YFAMYGEKVAHTHVDTLYVRYHYYTWAVLAYTWY,0,,,,,
CASSARSGELFF,SLYNTIATL,A*02:01:01:01,YFAMYGEKVAHTHVDTLYVRYHYYTWAVLAYTWY,0,,,,,
CAWSETGLGTGELFF,SLFNTIAVL,A*02:01:01:01,YFAMYGEKVAHTHVDTLYVRYHYYTWAVLAYTWY,0,,,,,
CASSLRGRGDQPQHF,ELAGIGILTV,A*02:01:01:01,YFAMYGEKVAHTHVDTLYVRYHYYTWAVLAYTWY,0,,,,,
CASSLEGGYYNEQFF,ASNENMETM,A*03:01:01:01,YFAMYQENVAQTDVDTLYIIYRDYTWAELAYTWY,0,,,,,
CASSFNMATGQYF,ASNENMETM,A*02:01:01:01,YFAMYGEKVAHTHVDTLYVRYHYYTWAVLAYTWY,0,,,,,
CASSFNMATGQYF,GILGFVFTL,A*24:02:01:01,YSAMYEEKVAHTDENIAYLMFHYYTWAVQAYTGY,0,,,,,
CASSLWEKLAKNIQYF,KAPYNFATM,B*08:01:01:01,YDSEYRNIFTNTDESNLYLSYNYYTWAVDAYTWY,0,,,,,
CASSLWEKLAKNIQYF,KAVYNFATM,A*02:01:01:01,YFAMYGEKVAHTHVDTLYVRYHYYTWAVLAYTWY,0,,,,,
CASSLWEKLAKNIQYF,VMAPRTLIL,A*11:01:01:01,YYAMYQENVAQTDVDTLYIIYRDYTWAAQAYRWY,0,,,,,
CASSLWEKLAKNIQYF,VMAPRTLVL,A*02:01:01:01,YFAMYGEKVAHTHVDTLYVRYHYYTWAVLAYTWY,0,,,,,
CASSLWEKLAKNIQYF,GTSGSPIVNR,A*01:01:01:01,YFAMYQENMAHTDANTLYIIYRDYTWVARVYRGY,0,,,,,
CASSLWEKLAKNIQYF,GTSGSPIINR,B*08:01:01:01,YDSEYRNIFTNTDESNLYLSYNYYTWAVDAYTWY,0,,,,,
CASSQTQLWETQYF,SQLLNAKYL,B*07:02:01:01,YYSEYRNIYAQTDESNLYLSYDYYTWAERAYEWY,0,,,,,
CASSLAPGTTNEKLFF,IPLTEEAEL,B*07:02:01:01,YYSEYRNIYAQTDESNLYLSYDYYTWAERAYEWY,0,,,,,
CASSLIYPGELFF,RYPLTFGWCF,A*02:01:01:01,YFAMYGEKVAHTHVDTLYVRYHYYTWAVLAYTWY,0,,,,,
CASRPGWMAGGVELYF,KLVALGINAV,A*02:01:01:01,YFAMYGEKVAHTHVDTLYVRYHYYTWAVLAYTWY,0,,,,,
CASSFIGGTDTQYF,KLVALGINAV,A*02:01:01:01,YFAMYGEKVAHTHVDTLYVRYHYYTWAVLAYTWY,0,,,,,
CASSIRSSYEQYF,SMLGIGIVPV,B*07:02:01:01,YYSEYRNIYAQTDESNLYLSYDYYTWAERAYEWY,0,,,,,
CASSSRSSYEQYF,MMWDRGLGMM,A*02:01:01:01,YFAMYGEKVAHTHVDTLYVRYHYYTWAVLAYTWY,0,,,,,
CASSIRSSYEQYF,IPLTEEAEL,A*02:01:01:01,YFAMYGEKVAHTHVDTLYVRYHYYTWAVLAYTWY,0,,,,,
CASSLWEKLAKNIQYF,IPLTEEAEL,A*02:01:01:01,YFAMYGEKVAHTHVDTLYVRYHYYTWAVLAYTWY,0,,,,,
CASSIFGQREQYF,VPLTEDAEL,B*08:01:01:01,YDSEYRNIFTNTDESNLYLSYNYYTWAVDAYTWY,0,,,,,
CASSLGHTEVFF,AAGIGILTV,A*01:01:01:01,YFAMYQENMAHTDANTLYIIYRDYTWVARVYRGY,0,,,,,
CASSIGVYGYTF,ELAGIGILTV,B*35:01:01:01,YYATYRNIFTNTYESNLYIRYDSYTWAVLAYLWY,0,,,,,
CASRRGPYEQYF,AAGIGILTV,A*02:01:01:01,YFAMYGEKVAHTHVDTLYVRYHYYTWAVLAYTWY,0,,,,,
CASSDAGGRNTLYF,AAGIGILTV,B*08:01:01:01,YDSEYRNIFTNTDESNLYLSYNYYTWAVDAYTWY,0,,,,,
CASSDAGGRNTLYF,KAPYDYAPI,A*02:01:01:01,YFAMYGEKVAHTHVDTLYVRYHYYTWAVLAYTWY,0,,,,,
CASSDAGGRNTLYF,SPSYAYHQF,A*24:02:01:01,YSAMYEEKVAHTDENIAYLMFHYYTWAVQAYTGY,0,,,,,
CASSYQGTEAFF,FEDLRVLSF,A*02:01:01:01,YFAMYGEKVAHTHVDTLYVRYHYYTWAVLAYTWY,0,,,,,
CASSQGLAGAGELFF,KQWLVWLFL,B*07:02:01:01,YYSEYRNIYAQTDESNLYLSYDYYTWAERAYEWY,0,,,,,
CASSDTVSYEQYF,SLLMWITQV,A*02:01:01:01,YFAMYGEKVAHTHVDTLYVRYHYYTWAVLAYTWY,0,,,,,
CASSDTVSYEQYF,SLSKILDTV,A*24:02:01:01,YSAMYEEKVAHTDENIAYLMFHYYTWAVQAYTGY,0,,,,,
CASSDTVSYEQYF,SLLMWITQV,A*02:01:01:01,YFAMYGEKVAHTHVDTLYVRYHYYTWAVLAYTWY,0,,,,,
CASSQGLAGAGELFF,SLLMWITQV,A*24:02:01:01,YSAMYEEKVAHTDENIAYLMFHYYTWAVQAYTGY,0,,,,,
CASSAGLDAEQYF,SLLMWITQV,A*01:01:01:01,YFAMYQENMAHTDANTLYIIYRDYTWVARVYRGY,0,,,,,
CASSRDLGRDTQYF,RMFPNAPYL,A*02:01:01:01,YFAMYGEKVAHTHVDTLYVRYHYYTWAVLAYTWY,0,,,,,
CASSLLGGWSEAFF,EAAGIGILTV,B*07:02:01:01,YYSEYRNIYAQTDESNLYLSYDYYTWAERAYEWY,0,,,,,
CASSDAGGRNTLYF,GVYDGREHTV,A*24:02:01:01,YSAMYEEKVAHTDENIAYLMFHYYTWAVQAYTGY,0,,,,,
CASSDAGGRNTLYF,KQWLVWLLL,A*24:02:01:01,YSAMYEEKVAHTDENIAYLMFHYYTWAVQAYTGY,0,,,,,
CASSANPGDSSNEKLFF,KQWLVWLFL,B*07:02:01:01,YYSEYRNIYAQTDESNLYLSYDYYTWAERAYEWY,0,,,,,
CASSANPGDSSNEKLFF,GADGVGKSA,B*07:02:01:01,YYSEYRNIYAQTDESNLYLSYDYYTWAERAYEWY,0,,,,,
CASSLGQGLLYGYTF,GADGVGKSA,A*02:01:01:01,YFAMYGEKVAHTHVDTLYVRYHYYTWAVLAYTWY,0,,,,,
CASSLGQGLLYGYTF,GADGVGKSAL,A*02:01:01:01,YFAMYGEKVAHTHVDTLYVRYHYYTWAVLAYTWY,0,,,,,
CASSDWGDTGQLYF,LLFGYPVYV,B*08:01:01:01,YDSEYRNIFTNTDESNLYLSYNYYTWAVDAYTWY,0,,,,,
CASRTRGGTLIEQYF,ITDQVPFSV,B*07:02:01:01,YYSEYRNIYAQTDESNLYLSYDYYTWAERAYEWY,0,,,,,
CAWSVSVGAGVPTIYF,IMDQVPFSV,A*02:01:01:01,YFAMYGEKVAHTHVDTLYVRYHYYTWAVLAYTWY,0,,,,,
CASRRGPYEQYF,IMDQVPFSV,A*02:01:01:01,YFAMYGEKVAHTHVDTLYVRYHYYTWAVLAYTWY,0,,,,,
CASRRGSAELYF,ITDQVPFSV,A*03:01:01:01,YFAMYQENVAQTDVDTLYIIYRDYTWAELAYTWY,0,,,,,
CASSLSFGTEAFF,ILDQVPFSV,A*01:01:01:01,YFAMYQENMAHTDANTLYIIYRDYTWVARVYRGY,0,,,,,
CASSLSFGTEAFF,RPPIFIRRL,A*02:01:01:01,YFAMYGEKVAHTHVDTLYVRYHYYTWAVLAYTWY,0,,,,,
CASSQRQEGDTQYF,HMTEVVRHC,A*02:01:01:01,YFAMYGEKVAHTHVDTLYVRYHYYTWAVLAYTWY,0,,,,,
CASSGGHTGSNEQFF,HMTEVVRHC,A*02:01:01:01,YFAMYGEKVAHTHVDTLYVRYHYYTWAVLAYTWY,0,,,,,
CASSFRGGKTQYF,HMTEVVRHC,A*02:01:01:01,YFAMYGEKVAHTHVDTLYVRYHYYTWAVLAYTWY,0,,,,,
CASRTRGGTLIEQYF,RLPAKAPLL,A*01:01:01:01,YFAMYQENMAHTDANTLYIIYRDYTWVARVYRGY,0,,,,,
CASRTRGGTLIEQYF,RLPAKAPLX,A*01:01:01:01,YFAMYQENMAHTDANTLYIIYRDYTWVARVYRGY,0,,,,,
CASSWSFGTEAFF,RLPAKAPLX,A*02:01:01:01,YFAMYGEKVAHTHVDTLYVRYHYYTWAVLAYTWY,0,,,,,
CASSWSFGTEAFF,TPQDLNTML,A*02:01:01:01,YFAMYGEKVAHTHVDTLYVRYHYYTWAVLAYTWY,0,,,,,
CAWSETGLGTGELFF,TPQDLNTML,A*02:01:01:01,YFAMYGEKVAHTHVDTLYVRYHYYTWAVLAYTWY,0,,,,,
CAWSETGLGMGGWQF,ASNENMETM,B*07:02:01:01,YYSEYRNIYAQTDESNLYLSYDYYTWAERAYEWY,0,,,,,
CASSDAGGRNTLYF,ASNENMETM,A*02:01:01:01,YFAMYGEKVAHTHVDTLYVRYHYYTWAVLAYTWY,0,,,,,
CASSDGDYEQYF,ALHGGWTTK,B*08:01:01:01,YDSEYRNIFTNTDESNLYLSYNYYTWAVDAYTWY,0,,,,,
CASSMSAMGTEAFF,RLQSLQTYV,A*02:01:01:01,YFAMYGEKVAHTHVDTLYVRYHYYTWAVLAYTWY,0,,,,,
CASSRTSPTDTQYF,YLQPRTFLL,A*01:01:01:01,YFAMYQENMAHTDANTLYIIYRDYTWVARVYRGY,0,,,,,
CASSYVGNTGELFF,TRLALIAPK,B*07:02:01:01,YYSEYRNIYAQTDESNLYLSYDYYTWAERAYEWY,0,,,,,
CASSPLDVSISSYNEQFF,LRVMMLAPF,A*02:01:01:01,YFAMYGEKVAHTHVDTLYVRYHYYTWAVLAYTWY,0,,,,,
CASSSPGGVSTEAFF,GQVMVVAPR,B*35:01:01:01,YYATYRNIFTNTYESNLYIRYDSYTWAVLAYLWY,0,,,,,
CSVGGSGGADTQYF,LRVMMLAPF,B*07:02:01:01,YYSEYRNIYAQTDESNLYLSYDYYTWAERAYEWY,0,,,,,
CASSYLNRDSALDF,TRLALIAPK,A*01:01:01:01,YFAMYQENMAHTDANTLYIIYRDYTWVARVYRGY,0,,,,,
CASSLGFGRDVMRF,TRLALIAPK,A*11:01:01:01,YYAMYQENVAQTDVDTLYIIYRDYTWAAQAYRWY,0,,,,,
CAWSETGLGMGGWQF,SSLENFRAYV,A*02:01:01:01,YFAMYGEKVAHTHVDTLYVRYHYYTWAVLAYTWY,0,,,,,
CASSFLMTSGDPYEQYF,SSLCNFRAYV,B*07:02:01:01,YYSEYRNIYAQTDESNLYLSYDYYTWAERAYEWY,0,,,,,