CDR3b,epitope,HLA,MHC,predict_proba,binder_pred
CALGERAGANSKLTF,NEYFYVDFRV,A*02:01:01:01,YFAMYGEKVAHTHVDTLYVRYHYYTWAVLAYTWY,0.27,0
CASSLDRAGYTF,FPRENLEFFYV,A*03:01:01:01,YFAMYQENVAQTDVDTLYIIYRDYTWAELAYTWY,0.59,1
CASSSTGRVETQYF,NLDNEYFYV,A*02:01:01:01,YFAMYGEKVAHTHVDTLYVRYHYYTWAVLAYTWY,0.47333333333333333,0
CASSLVARGYHNEQFF,REYGSSDNEYF,B*08:01:01:01,YDSEYRNIFTNTDESNLYLSYNYYTWAVDAYTWY,0.32,0
CATSDLKEMADTQYF,RENLDNEYFYV,A*01:01:01:01,YFAMYQENMAHTDANTLYIIYRDYTWVARVYRGY,0.38,0
CASRPQGLSGNEQFF,RVYGSSDNEYF,A*11:01:01:01,YYAMYQENVAQTDVDTLYIIYRDYTWAAQAYRWY,0.4633333333333333,0
CASSFRYSYEQYF,FPRENLEFREF,A*02:01:01:01,YFAMYGEKVAHTHVDTLYVRYHYYTWAVLAYTWY,0.37,0
CASMNPSREQYF,YFYVDFREQM,A*02:01:01:01,YFAMYGEKVAHTHVDTLYVRYHYYTWAVLAYTWY,0.44666666666666666,0
CASSRSGVLAKNIQYF,EYFYVDFRV,A*03:01:01:01,YFAMYQENVAQTDVDTLYIIYRDYTWAELAYTWY,0.4766666666666667,0
CASSLAYLNTEAFF,EYFYVDFREY,A*01:01:01:01,YFAMYQENMAHTDANTLYIIYRDYTWVARVYRGY,0.37,0
CASSLAYLNTEAFF,REYEYDLKWEF,A*11:01:01:01,YYAMYQENVAQTDVDTLYIIYRDYTWAAQAYRWY,0.31666666666666665,0
CASMNPSREQYF,YFYVDFREY,A*24:02:01:01,YSAMYEEKVAHTDENIAYLMFHYYTWAVQAYTGY,0.48,0
CALGERAGANSKLTF,FPRENLEFREF,A*11:01:01:01,YFAMYQENMAHTDANTLYIIYRDYTWVARVYRGY,0.47333333333333333,0
CASSLAYLNTEAFF,RENLDNEYFYV,A*02:01:01:01,YYAMYQENVAQTDVDTLYIIYRDYTWAAQAYRWY,0.2833333333333333,0
CATSDLKEMADTQYF,NEYFYVDFRV,A*24:02:01:01,YFAMYQENMAHTDANTLYIIYRDYTWVARVYRGY,0.29333333333333333,0
CASSFRYSYEQYF,EYFYVDFRV,A*01:01:01:01,YYSEYRNIYAQTDESNLYLSYDYYTWAERAYEWY,0.43,0
ASSSGTGDQPQH,LLMGTLGIVC,A*02:01:01:01,YFAMYGEKVAHTHVDTLYVRYHYYTWAVLAYTWY,0.48,0
ASSSELGAEDNNEQF,KLGGALQAK,A*03:01:01:01,YFAMYQENVAQTDVDTLYIIYRDYTWAELAYTWY,0.43666666666666665,0
AWTPDRVWTEAF,YLNDHLEPWI,A*02:01:01:01,YFAMYGEKVAHTHVDTLYVRYHYYTWAVLAYTWY,0.6,1
ASSGKTVMNTEAF,RAKFKQLL,B*08:01:01:01,YDSEYRNIFTNTDESNLYLSYNYYTWAVDAYTWY,0.016666666666666666,0
ASSLRTSGIYEQY,VTEHDTLLY,A*01:01:01:01,YFAMYQENMAHTDANTLYIIYRDYTWVARVYRGY,0.24333333333333335,0
ASSTLAGEPNEQF,IVTDFSVIK,A*11:01:01:01,YYAMYQENVAQTDVDTLYIIYRDYTWAAQAYRWY,0.4266666666666667,0
ASSSGTSGSIEQF,GILGFVFTL,A*02:01:01:01,YFAMYGEKVAHTHVDTLYVRYHYYTWAVLAYTWY,0.006666667,0
AWSVRRAYEQY,ILKEPVHGV,A*02:01:01:01,YFAMYGEKVAHTHVDTLYVRYHYYTWAVLAYTWY,0.5933333333333334,1
ASSYSLQSGNTIY,RLRAEAQVK,A*03:01:01:01,YFAMYQENVAQTDVDTLYIIYRDYTWAELAYTWY,0.3466666666666667,0
ASSQAPGHSYEQY,STEGGGLAY,A*01:01:01:01,YFAMYQENMAHTDANTLYIIYRDYTWVARVYRGY,0.41,0
ASSPSPASDTDTQY,IVTDFSVIK,A*11:01:01:01,YYAMYQENVAQTDVDTLYIIYRDYTWAAQAYRWY,0.4166666666666667,0
ATRGNTGELF,AYAQKIFKI,A*24:02:01:01,YSAMYEEKVAHTDENIAYLMFHYYTWAVQAYTGY,0.4533333333333333,0