CDR3b,epitope,HLA,MHC,predict_proba,binder_pred
CALGERAGANSKLTF,NEYFYVDFRV,A*02:01:01:01,YFAMYGEKVAHTHVDTLYVRYHYYTWAVLAYTWY,0.8766666666666667,1
CASSLDRAGYTF,FPRENLEFFYV,A*03:01:01:01,YFAMYQENVAQTDVDTLYIIYRDYTWAELAYTWY,0.82,1
CASSSTGRVETQYF,NLDNEYFYV,A*02:01:01:01,YFAMYGEKVAHTHVDTLYVRYHYYTWAVLAYTWY,0.9,1
CASSLVARGYHNEQFF,REYGSSDNEYF,B*08:01:01:01,YDSEYRNIFTNTDESNLYLSYNYYTWAVDAYTWY,0.88,1
CATSDLKEMADTQYF,RENLDNEYFYV,A*01:01:01:01,YFAMYQENMAHTDANTLYIIYRDYTWVARVYRGY,0.8666666666666667,1
CASRPQGLSGNEQFF,RVYGSSDNEYF,A*11:01:01:01,YYAMYQENVAQTDVDTLYIIYRDYTWAAQAYRWY,0.8166666666666667,1
CASSFRYSYEQYF,FPRENLEFREF,A*02:01:01:01,YFAMYGEKVAHTHVDTLYVRYHYYTWAVLAYTWY,0.85,1
CASMNPSREQYF,YFYVDFREQM,A*02:01:01:01,YFAMYGEKVAHTHVDTLYVRYHYYTWAVLAYTWY,0.8466666666666667,1
CASSRSGVLAKNIQYF,EYFYVDFRV,A*03:01:01:01,YFAMYQENVAQTDVDTLYIIYRDYTWAELAYTWY,0.86,1
CASSLAYLNTEAFF,EYFYVDFREY,A*01:01:01:01,YFAMYQENMAHTDANTLYIIYRDYTWVARVYRGY,0.9066666666666666,1
CASSLAYLNTEAFF,REYEYDLKWEF,A*11:01:01:01,YYAMYQENVAQTDVDTLYIIYRDYTWAAQAYRWY,0.85,1
CASMNPSREQYF,YFYVDFREY,A*24:02:01:01,YSAMYEEKVAHTDENIAYLMFHYYTWAVQAYTGY,0.9566666666666667,1
CALGERAGANSKLTF,FPRENLEFREF,A*11:01:01:01,YFAMYQENMAHTDANTLYIIYRDYTWVARVYRGY,0.9,1
CASSLAYLNTEAFF,RENLDNEYFYV,A*02:01:01:01,YYAMYQENVAQTDVDTLYIIYRDYTWAAQAYRWY,0.8433333333333334,1
CATSDLKEMADTQYF,NEYFYVDFRV,A*24:02:01:01,YFAMYQENMAHTDANTLYIIYRDYTWVARVYRGY,0.92,1
CASSFRYSYEQYF,EYFYVDFRV,A*01:01:01:01,YYSEYRNIYAQTDESNLYLSYDYYTWAERAYEWY,0.85,1
ASSSGTGDQPQH,LLMGTLGIVC,A*02:01:01:01,YFAMYGEKVAHTHVDTLYVRYHYYTWAVLAYTWY,0.0,0
ASSSELGAEDNNEQF,KLGGALQAK,A*03:01:01:01,YFAMYQENVAQTDVDTLYIIYRDYTWAELAYTWY,0.93,1
AWTPDRVWTEAF,YLNDHLEPWI,A*02:01:01:01,YFAMYGEKVAHTHVDTLYVRYHYYTWAVLAYTWY,0.023333333333333334,0
ASSGKTVMNTEAF,RAKFKQLL,B*08:01:01:01,YDSEYRNIFTNTDESNLYLSYNYYTWAVDAYTWY,0.36666666666666664,0
ASSLRTSGIYEQY,VTEHDTLLY,A*01:01:01:01,YFAMYQENMAHTDANTLYIIYRDYTWVARVYRGY,0.18333333333333332,0
ASSTLAGEPNEQF,IVTDFSVIK,A*11:01:01:01,YYAMYQENVAQTDVDTLYIIYRDYTWAAQAYRWY,0.22666666666666666,0
ASSSGTSGSIEQF,GILGFVFTL,A*02:01:01:01,YFAMYGEKVAHTHVDTLYVRYHYYTWAVLAYTWY,0.6466666666666666,1
AWSVRRAYEQY,ILKEPVHGV,A*02:01:01:01,YFAMYGEKVAHTHVDTLYVRYHYYTWAVLAYTWY,0.01,0
ASSYSLQSGNTIY,RLRAEAQVK,A*03:01:01:01,YFAMYQENVAQTDVDTLYIIYRDYTWAELAYTWY,0.22,0
ASSQAPGHSYEQY,STEGGGLAY,A*01:01:01:01,YFAMYQENMAHTDANTLYIIYRDYTWVARVYRGY,0.0,0
ASSPSPASDTDTQY,IVTDFSVIK,A*11:01:01:01,YYAMYQENVAQTDVDTLYIIYRDYTWAAQAYRWY,0.25666666666666665,0
ATRGNTGELF,AYAQKIFKI,A*24:02:01:01,YSAMYEEKVAHTDENIAYLMFHYYTWAVQAYTGY,0.006666666666666667,0
